time (s),signal
0.000000,-0.004322710
0.001000,0.192021126
0.002000,0.388697380
0.003000,0.603205848
0.004000,0.761448901
0.005000,0.894363970
0.006000,1.112149805
0.007000,1.244138742
0.008000,1.381121468
0.009000,1.510720303
0.010000,1.616877928
0.011000,1.729717944
0.012000,1.781120791
0.013000,1.812818304
0.014000,1.816959078
0.015000,1.820137156
0.016000,1.851910750
0.017000,1.861142118
0.018000,1.784802467
0.019000,1.727880816
0.020000,1.681821342
0.021000,1.545996861
0.022000,1.494684314
0.023000,1.425786892
0.024000,1.338781623
0.025000,1.203259734
0.026000,1.117959920
0.027000,1.010401964
0.028000,0.924559756
0.029000,0.769272240
0.030000,0.726189418
0.031000,0.576344385
0.032000,0.463057553
0.033000,0.451421781
0.034000,0.378857671
0.035000,0.378450380
0.036000,0.327242817
0.037000,0.235138907
0.038000,0.270505666
0.039000,0.196890055
0.040000,0.214069835
0.041000,0.204535814
0.042000,0.219497930
0.043000,0.248260365
0.044000,0.254233035
0.045000,0.259463881
0.046000,0.283599024
0.047000,0.293580846
0.048000,0.274317147
0.049000,0.283130680
0.050000,0.298645551
0.051000,0.331446745
0.052000,0.307517709
0.053000,0.377840818
0.054000,0.269663061
0.055000,0.241192698
0.056000,0.270479162
0.057000,0.256790660
0.058000,0.189742009
0.059000,0.154267982
0.060000,0.121419109
0.061000,0.020833831
0.062000,-0.077508994
0.063000,-0.111741109
0.064000,-0.129533969
0.065000,-0.264000483
0.066000,-0.281297305
0.067000,-0.334181793
0.068000,-0.407435289
0.069000,-0.428071055
0.070000,-0.478792119
0.071000,-0.466744819
0.072000,-0.550945927
0.073000,-0.613378951
0.074000,-0.629478501
0.075000,-0.646844390
0.076000,-0.594310194
0.077000,-0.632738036
0.078000,-0.602932203
0.079000,-0.556231081
0.080000,-0.571836800
0.081000,-0.524815709
0.082000,-0.532634068
0.083000,-0.467972980
0.084000,-0.408650644
0.085000,-0.334663726
0.086000,-0.267677193
0.087000,-0.262654657
0.088000,-0.216581309
0.089000,-0.186788501
0.090000,-0.133074171
0.091000,-0.120175571
0.092000,-0.128742366
0.093000,-0.166753569
0.094000,-0.118977227
0.095000,-0.154957111
0.096000,-0.160793485
0.097000,-0.240624113
0.098000,-0.233934245
0.099000,-0.366285416
0.100000,-0.380183620
0.101000,-0.505480789
0.102000,-0.612700861
0.103000,-0.725278016
0.104000,-0.794534100
0.105000,-0.848528676
0.106000,-0.968764806
0.107000,-1.073485418
0.108000,-1.263202531
0.109000,-1.263242534
0.110000,-1.353423493
0.111000,-1.463076426
0.112000,-1.530996230
0.113000,-1.565252180
0.114000,-1.552317536
0.115000,-1.659127557
0.116000,-1.647130227
0.117000,-1.582803960
0.118000,-1.608339812
0.119000,-1.558795455
0.120000,-1.479431989
0.121000,-1.435951490
0.122000,-1.290871658
0.123000,-1.215772227
0.124000,-1.019319745
0.125000,-0.897930187
0.126000,-0.669045751
0.127000,-0.557844114
0.128000,-0.345219979
0.129000,-0.238558855
0.130000,-0.012001315
0.131000,0.194547654
0.132000,0.430123541
0.133000,0.517581894
0.134000,0.783043569
0.135000,0.949225989
0.136000,1.146407698
0.137000,1.279513608
0.138000,1.404528570
0.139000,1.517700983
0.140000,1.610565084
0.141000,1.751784365
0.142000,1.820580949
0.143000,1.949377689
0.144000,1.914717076
0.145000,1.968872493
0.146000,1.920707048
0.147000,1.947363359
0.148000,1.942320352
0.149000,1.919369384
0.150000,1.884458914
0.151000,1.773720203
0.152000,1.664819150
0.153000,1.626329472
0.154000,1.535097165
0.155000,1.435869836
0.156000,1.297982473
0.157000,1.248963654
0.158000,1.113360268
0.159000,1.028857569
0.160000,0.946059951
0.161000,0.830228094
0.162000,0.729919900
0.163000,0.701476552
0.164000,0.566691233
0.165000,0.480419413
0.166000,0.430301128
0.167000,0.416874449
0.168000,0.329079086
0.169000,0.301576632
0.170000,0.289188213
0.171000,0.211423887
0.172000,0.153866667
0.173000,0.197934132
0.174000,0.182549454
0.175000,0.146467020
0.176000,0.181130273
0.177000,0.163653035
0.178000,0.105070867
0.179000,0.138015871
0.180000,0.101262996
0.181000,0.043645371
0.182000,0.078345374
0.183000,0.035120417
0.184000,-0.019428452
0.185000,-0.020385396
0.186000,-0.065899888
0.187000,-0.147627294
0.188000,-0.172982224
0.189000,-0.213635457
0.190000,-0.328272724
0.191000,-0.361143049
0.192000,-0.440069244
0.193000,-0.440587142
0.194000,-0.632533543
0.195000,-0.622379622
0.196000,-0.716246985
0.197000,-0.769911591
0.198000,-0.764540828
0.199000,-0.870242620
0.200000,-0.843838830
0.201000,-0.957188795
0.202000,-0.957276679
0.203000,-0.996796149
0.204000,-1.007064998
0.205000,-0.978519808
0.206000,-0.972686233
0.207000,-0.931914952
0.208000,-0.965301044
0.209000,-0.797239663
0.210000,-0.809313398
0.211000,-0.691842724
0.212000,-0.708185905
0.213000,-0.598382815
0.214000,-0.438190757
0.215000,-0.483549377
0.216000,-0.426581664
0.217000,-0.323969366
0.218000,-0.222474077
0.219000,-0.149746590
0.220000,-0.072086532
0.221000,-0.066536544
0.222000,-0.063989870
0.223000,0.003738217
0.224000,0.075581165
0.225000,0.062083834
0.226000,-0.013187766
0.227000,0.029302177
0.228000,0.044575474
0.229000,0.026424605
0.230000,-0.072264352
0.231000,-0.142527041
0.232000,-0.261615013
0.233000,-0.330956237
0.234000,-0.392677679
0.235000,-0.472938131
0.236000,-0.568293483
0.237000,-0.699498459
0.238000,-0.818937865
0.239000,-0.904651263
0.240000,-1.008601566
0.241000,-1.040754128
0.242000,-1.207198051
0.243000,-1.215334024
0.244000,-1.247342117
0.245000,-1.257115291
0.246000,-1.327650482
0.247000,-1.310714958
0.248000,-1.346765641
0.249000,-1.333647918
0.250000,-1.290231791
0.251000,-1.165007088
0.252000,-1.104245455
0.253000,-1.025680360
0.254000,-0.830461445
0.255000,-0.806366140
0.256000,-0.648144814
0.257000,-0.506822091
0.258000,-0.361738855
0.259000,-0.116339730
0.260000,0.034813158
0.261000,0.127047063
0.262000,0.338162910
0.263000,0.543558490
0.264000,0.731908411
0.265000,0.840606737
0.266000,0.978866048
0.267000,1.145652801
0.268000,1.346034677
0.269000,1.477776296
0.270000,1.609897481
0.271000,1.679905427
0.272000,1.753586149
0.273000,1.800144716
0.274000,1.924053904
0.275000,1.961328606
0.276000,1.998927572
0.277000,1.995049229
0.278000,1.951728074
0.279000,1.968874278
0.280000,1.881164917
0.281000,1.809470206
0.282000,1.746312862
0.283000,1.667148789
0.284000,1.534228079
0.285000,1.511806781
0.286000,1.417621014
0.287000,1.299016717
0.288000,1.186593286
0.289000,1.117178639
0.290000,1.056856732
0.291000,0.908416413
0.292000,0.797674096
0.293000,0.705458683
0.294000,0.636832189
0.295000,0.522689216
0.296000,0.484924056
0.297000,0.425064684
0.298000,0.419572055
0.299000,0.339762579
0.300000,0.295524241
0.301000,0.201414812
0.302000,0.205755552
0.303000,0.118072583
0.304000,0.131050349
0.305000,0.105573083
0.306000,0.042230483
0.307000,0.097317814
0.308000,0.025410815
0.309000,-0.079605481
0.310000,-0.039640461
0.311000,-0.105656148
0.312000,-0.134691313
0.313000,-0.166588426
0.314000,-0.219480318
0.315000,-0.347914771
0.316000,-0.381865675
0.317000,-0.388885941
0.318000,-0.442110877
0.319000,-0.496656504
0.320000,-0.575007914
0.321000,-0.767947943
0.322000,-0.761154618
0.323000,-0.919309096
0.324000,-0.889382990
0.325000,-1.003262697
0.326000,-1.113960376
0.327000,-1.082775269
0.328000,-1.180317054
0.329000,-1.304951056
0.330000,-1.278906172
0.331000,-1.339072865
0.332000,-1.332335222
0.333000,-1.356617761
0.334000,-1.296435520
0.335000,-1.363054356
0.336000,-1.281252117
0.337000,-1.194662727
0.338000,-1.220527968
0.339000,-1.124994082
0.340000,-1.050676699
0.341000,-0.993751087
0.342000,-0.862107019
0.343000,-0.780705315
0.344000,-0.709164009
0.345000,-0.522072888
0.346000,-0.443886619
0.347000,-0.365791137
0.348000,-0.275299994
0.349000,-0.179249508
0.350000,-0.024168940
0.351000,0.021598352
0.352000,0.117786716
0.353000,0.166010687
0.354000,0.245901865
0.355000,0.267125513
0.356000,0.323284936
0.357000,0.310696478
0.358000,0.342716709
0.359000,0.325475155
0.360000,0.275417970
0.361000,0.213445232
0.362000,0.158902239
0.363000,0.101382039
0.364000,0.020517423
0.365000,-0.006048087
0.366000,-0.122304624
0.367000,-0.167634932
0.368000,-0.243154038
0.369000,-0.408503205
0.370000,-0.552157425
0.371000,-0.610324503
0.372000,-0.688902295
0.373000,-0.811646029
0.374000,-0.845552130
0.375000,-0.889417223
0.376000,-0.959169894
0.377000,-1.001813047
0.378000,-1.019781545
0.379000,-0.945692335
0.380000,-0.989774888
0.381000,-0.978682651
0.382000,-0.916856394
0.383000,-0.812279857
0.384000,-0.780605184
0.385000,-0.649511769
0.386000,-0.531878016
0.387000,-0.408171433
0.388000,-0.254323263
0.389000,-0.168981174
0.390000,0.032977133
0.391000,0.132260982
0.392000,0.304680211
0.393000,0.514307546
0.394000,0.664093723
0.395000,0.797490471
0.396000,0.914621911
0.397000,1.113108063
0.398000,1.214358374
0.399000,1.332006982
0.400000,1.454693573
0.401000,1.582638973
0.402000,1.598378011
0.403000,1.744467868
0.404000,1.794838178
0.405000,1.812129140
0.406000,1.884871120
0.407000,1.880496918
0.408000,1.837125528
0.409000,1.813846126
0.410000,1.819812641
0.411000,1.705953677
0.412000,1.682642668
0.413000,1.604949023
0.414000,1.548768748
0.415000,1.468851345
0.416000,1.374067539
0.417000,1.313600133
0.418000,1.190638210
0.419000,1.077678233
0.420000,0.954567928
0.421000,0.917971569
0.422000,0.820319956
0.423000,0.759814970
0.424000,0.610080677
0.425000,0.554466089
0.426000,0.478403339
0.427000,0.409521230
0.428000,0.349926468
0.429000,0.240927903
0.430000,0.264783160
0.431000,0.211703381
0.432000,0.181850549
0.433000,0.174249839
0.434000,0.058173857
0.435000,0.028892041
0.436000,-0.007173724
0.437000,0.012746942
0.438000,-0.137017008
0.439000,-0.112425917
0.440000,-0.216162648
0.441000,-0.298299780
0.442000,-0.334595277
0.443000,-0.373221767
0.444000,-0.362391500
0.445000,-0.488140982
0.446000,-0.541333054
0.447000,-0.646296913
0.448000,-0.673896713
0.449000,-0.809380586
0.450000,-0.823296340
0.451000,-0.980524073
0.452000,-1.061841847
0.453000,-1.122391623
0.454000,-1.210184317
0.455000,-1.249318455
0.456000,-1.364441130
0.457000,-1.473725551
0.458000,-1.515798037
0.459000,-1.568413164
0.460000,-1.571245688
0.461000,-1.611684484
0.462000,-1.644477979
0.463000,-1.619244212
0.464000,-1.651803519
0.465000,-1.616491501
0.466000,-1.569168066
0.467000,-1.476793277
0.468000,-1.459879025
0.469000,-1.388586059
0.470000,-1.318286671
0.471000,-1.163972149
0.472000,-1.089911298
0.473000,-0.941270136
0.474000,-0.881149650
0.475000,-0.660338800
0.476000,-0.596036526
0.477000,-0.442726600
0.478000,-0.251872781
0.479000,-0.190798411
0.480000,-0.025171447
0.481000,0.100619696
0.482000,0.181019192
0.483000,0.353594922
0.484000,0.448865783
0.485000,0.422334290
0.486000,0.501527094
0.487000,0.617889460
0.488000,0.587793074
0.489000,0.632802803
0.490000,0.650288210
0.491000,0.653767729
0.492000,0.598185317
0.493000,0.565729648
0.494000,0.484795104
0.495000,0.480675647
0.496000,0.350997172
0.497000,0.291887144
0.498000,0.175964283
0.499000,0.099909303
0.500000,-0.005044893
0.501000,-0.101593523
0.502000,-0.221726852
0.503000,-0.257802774
0.504000,-0.323435316
0.505000,-0.434610356
0.506000,-0.486127034
0.507000,-0.537730984
0.508000,-0.577043321
0.509000,-0.623911524
0.510000,-0.640033929
0.511000,-0.618541705
0.512000,-0.624818828
0.513000,-0.622860046
0.514000,-0.544281352
0.515000,-0.538135277
0.516000,-0.404079441
0.517000,-0.300905762
0.518000,-0.173896473
0.519000,-0.093853695
0.520000,0.050631990
0.521000,0.150748164
0.522000,0.252925925
0.523000,0.377064938
0.524000,0.526986362
0.525000,0.650649977
0.526000,0.843112587
0.527000,0.945352246
0.528000,1.089391383
0.529000,1.186756658
0.530000,1.318233046
0.531000,1.409867875
0.532000,1.437562889
0.533000,1.514409236
0.534000,1.558606021
0.535000,1.563765126
0.536000,1.656205141
0.537000,1.680996272
0.538000,1.640703397
0.539000,1.608402508
0.540000,1.625724106
0.541000,1.480880777
0.542000,1.504312234
0.543000,1.441789041
0.544000,1.350927637
0.545000,1.333806393
0.546000,1.240047716
0.547000,1.118239137
0.548000,1.036296145
0.549000,0.939090191
0.550000,0.847462308
0.551000,0.737075742
0.552000,0.733623681
0.553000,0.642231534
0.554000,0.558454315
0.555000,0.429260092
0.556000,0.456887618
0.557000,0.391173668
0.558000,0.279612008
0.559000,0.193726037
0.560000,0.146044804
0.561000,0.139555415
0.562000,0.057689992
0.563000,0.044492295
0.564000,0.040126572
0.565000,-0.075181049
0.566000,-0.007571012
0.567000,-0.059761356
0.568000,-0.185048922
0.569000,-0.234516444
0.570000,-0.248536250
0.571000,-0.323298383
0.572000,-0.357526386
0.573000,-0.489585135
0.574000,-0.487025181
0.575000,-0.499587853
0.576000,-0.666002163
0.577000,-0.724482749
0.578000,-0.849163836
0.579000,-0.877168949
0.580000,-0.997653151
0.581000,-1.028906008
0.582000,-1.177591135
0.583000,-1.290720090
0.584000,-1.356455726
0.585000,-1.477704388
0.586000,-1.586851668
0.587000,-1.614821986
0.588000,-1.697867405
0.589000,-1.746446433
0.590000,-1.787694377
0.591000,-1.849256215
0.592000,-1.842666761
0.593000,-1.810022808
0.594000,-1.886997287
0.595000,-1.777542167
0.596000,-1.796904987
0.597000,-1.756643772
0.598000,-1.589192357
0.599000,-1.570593503
0.600000,-1.433025510
0.601000,-1.335195700
0.602000,-1.283687400
0.603000,-1.092633680
0.604000,-0.966123918
0.605000,-0.837681322
0.606000,-0.692573802
0.607000,-0.475356223
0.608000,-0.298868817
0.609000,-0.144326544
0.610000,-0.008170004
0.611000,0.128511205
0.612000,0.266708268
0.613000,0.413990151
0.614000,0.522722908
0.615000,0.657868948
0.616000,0.759377930
0.617000,0.814030524
0.618000,0.898707938
0.619000,0.930975146
0.620000,0.984851333
0.621000,1.014505479
0.622000,1.002362599
0.623000,0.992924795
0.624000,0.895826621
0.625000,0.886664717
0.626000,0.846339513
0.627000,0.786227633
0.628000,0.638701741
0.629000,0.603656244
0.630000,0.541909528
0.631000,0.403871558
0.632000,0.308691189
0.633000,0.228251668
0.634000,0.128320100
0.635000,0.052261100
0.636000,-0.047879637
0.637000,-0.119029262
0.638000,-0.210579172
0.639000,-0.244351685
0.640000,-0.241322603
0.641000,-0.311428725
0.642000,-0.322886019
0.643000,-0.330937906
0.644000,-0.276753743
0.645000,-0.296245259
0.646000,-0.200094515
0.647000,-0.199653590
0.648000,-0.135737004
0.649000,-0.019814515
0.650000,0.065002553
0.651000,0.164645349
0.652000,0.288075864
0.653000,0.348403050
0.654000,0.480924877
0.655000,0.547638853
0.656000,0.718626055
0.657000,0.802590583
0.658000,0.897639390
0.659000,0.978696376
0.660000,1.033168765
0.661000,1.121492395
0.662000,1.210772543
0.663000,1.248512853
0.664000,1.294486612
0.665000,1.279561180
0.666000,1.343073156
0.667000,1.321904101
0.668000,1.303173990
0.669000,1.312498106
0.670000,1.232015088
0.671000,1.269173689
0.672000,1.225196567
0.673000,1.141469214
0.674000,1.049911847
0.675000,0.982502114
0.676000,0.933257320
0.677000,0.789108378
0.678000,0.789653385
0.679000,0.726214805
0.680000,0.619746115
0.681000,0.538919020
0.682000,0.486606022
0.683000,0.422583988
0.684000,0.379940635
0.685000,0.287292131
0.686000,0.210503568
0.687000,0.166723418
0.688000,0.140190971
0.689000,0.140119805
0.690000,0.046618058
0.691000,-0.009052168
0.692000,-0.034492804
0.693000,-0.100226458
0.694000,-0.055328946
0.695000,-0.133850694
0.696000,-0.158696814
0.697000,-0.211534495
0.698000,-0.219197557
0.699000,-0.205750834
0.700000,-0.303843987
0.701000,-0.363947637
0.702000,-0.358883801
0.703000,-0.433464355
0.704000,-0.475716177
0.705000,-0.538415389
0.706000,-0.639179850
0.707000,-0.762134924
0.708000,-0.816617103
0.709000,-0.892260974
0.710000,-1.022840283
0.711000,-1.149148362
0.712000,-1.174930168
0.713000,-1.322342121
0.714000,-1.422401347
0.715000,-1.506638133
0.716000,-1.568286010
0.717000,-1.676784546
0.718000,-1.771926995
0.719000,-1.808831297
0.720000,-1.820845189
0.721000,-1.886762861
0.722000,-1.937263398
0.723000,-2.004993773
0.724000,-1.856575999
0.725000,-1.986186701
0.726000,-1.925332370
0.727000,-1.881832743
0.728000,-1.741506524
0.729000,-1.690388468
0.730000,-1.642354649
0.731000,-1.472844776
0.732000,-1.331760851
0.733000,-1.212398301
0.734000,-1.083138589
0.735000,-0.902811151
0.736000,-0.721518385
0.737000,-0.530026448
0.738000,-0.365755599
0.739000,-0.146974840
0.740000,-0.018113439
0.741000,0.133883264
0.742000,0.332900481
0.743000,0.556516556
0.744000,0.649560614
0.745000,0.875620165
0.746000,0.945114038
0.747000,1.005369516
0.748000,1.109043504
0.749000,1.218128336
0.750000,1.234670682
0.751000,1.382553158
0.752000,1.305068796
0.753000,1.361181780
0.754000,1.373593369
0.755000,1.299499661
0.756000,1.230962633
0.757000,1.197143693
0.758000,1.148696110
0.759000,1.086328967
0.760000,0.975593842
0.761000,0.839311135
0.762000,0.785649315
0.763000,0.664951457
0.764000,0.520201934
0.765000,0.467107257
0.766000,0.351111634
0.767000,0.323264583
0.768000,0.282733786
0.769000,0.207568720
0.770000,0.071918689
0.771000,0.023350008
0.772000,0.018033029
0.773000,0.001484846
0.774000,-0.058082556
0.775000,-0.052393033
0.776000,0.027833397
0.777000,-0.020012657
0.778000,0.001362704
0.779000,0.062423592
0.780000,0.128188604
0.781000,0.139897535
0.782000,0.229196645
0.783000,0.272583261
0.784000,0.373374764
0.785000,0.513765237
0.786000,0.555390685
0.787000,0.604382589
0.788000,0.649979181
0.789000,0.734787650
0.790000,0.835825490
0.791000,0.840463090
0.792000,0.945662828
0.793000,0.896780608
0.794000,0.955507699
0.795000,1.032677232
0.796000,0.926109195
0.797000,1.017723118
0.798000,0.912250728
0.799000,0.941221961
0.800000,0.905891099
0.801000,0.894714230
0.802000,0.726952203
0.803000,0.709371370
0.804000,0.690079145
0.805000,0.644344991
0.806000,0.549867948
0.807000,0.501941442
0.808000,0.404566721
0.809000,0.360531561
0.810000,0.281489740
0.811000,0.251408044
0.812000,0.202435385
0.813000,0.173289080
0.814000,0.060850130
0.815000,0.026534009
0.816000,-0.001497672
0.817000,-0.045324434
0.818000,-0.066316583
0.819000,-0.135001491
0.820000,-0.095993500
0.821000,-0.149925064
0.822000,-0.163629487
0.823000,-0.193069799
0.824000,-0.120167633
0.825000,-0.168925599
0.826000,-0.141172651
0.827000,-0.180782387
0.828000,-0.256764588
0.829000,-0.259320538
0.830000,-0.230578310
0.831000,-0.308965784
0.832000,-0.358228033
0.833000,-0.377772763
0.834000,-0.432251132
0.835000,-0.519654362
0.836000,-0.569164499
0.837000,-0.651247475
0.838000,-0.799024108
0.839000,-0.796870018
0.840000,-0.932179003
0.841000,-0.968729647
0.842000,-1.145227118
0.843000,-1.262350074
0.844000,-1.283362386
0.845000,-1.468671739
0.846000,-1.538672780
0.847000,-1.594673858
0.848000,-1.708225880
0.849000,-1.824708807
0.850000,-1.835374806
0.851000,-1.900480271
0.852000,-1.895970263
0.853000,-1.941567799
0.854000,-1.876705661
0.855000,-2.008637559
0.856000,-1.933698063
0.857000,-1.920769304
0.858000,-1.791689337
0.859000,-1.721266543
0.860000,-1.625389341
0.861000,-1.556670431
0.862000,-1.425320982
0.863000,-1.319032439
0.864000,-1.049116308
0.865000,-0.916238790
0.866000,-0.761150777
0.867000,-0.540003912
0.868000,-0.355224447
0.869000,-0.155595358
0.870000,-0.040368989
0.871000,0.178045857
0.872000,0.392053923
0.873000,0.576931964
0.874000,0.766265741
0.875000,0.867766546
0.876000,1.049691969
0.877000,1.245644313
0.878000,1.318227680
0.879000,1.424829695
0.880000,1.481789661
0.881000,1.570896721
0.882000,1.649074982
0.883000,1.626856762
0.884000,1.671015428
0.885000,1.601220355
0.886000,1.621766787
0.887000,1.592309367
0.888000,1.489614597
0.889000,1.479522363
0.890000,1.349841667
0.891000,1.260414282
0.892000,1.191890583
0.893000,1.152111626
0.894000,1.002530629
0.895000,0.919301850
0.896000,0.768049252
0.897000,0.693749504
0.898000,0.561916099
0.899000,0.491801167
0.900000,0.453044652
0.901000,0.354367207
0.902000,0.336066163
0.903000,0.233654422
0.904000,0.191663653
0.905000,0.204688971
0.906000,0.126620292
0.907000,0.090832302
0.908000,0.175991473
0.909000,0.159401863
0.910000,0.100660556
0.911000,0.193163461
0.912000,0.212308627
0.913000,0.314445843
0.914000,0.281612248
0.915000,0.329713514
0.916000,0.364306527
0.917000,0.403876939
0.918000,0.456380602
0.919000,0.472928235
0.920000,0.519196989
0.921000,0.530512603
0.922000,0.555906018
0.923000,0.568942800
0.924000,0.607243633
0.925000,0.601386301
0.926000,0.575830462
0.927000,0.609444973
0.928000,0.568102683
0.929000,0.523427796
0.930000,0.482296313
0.931000,0.497566401
0.932000,0.405161947
0.933000,0.356040263
0.934000,0.204722046
0.935000,0.201078096
0.936000,0.092990638
0.937000,0.082992682
0.938000,0.046019530
0.939000,-0.043883588
0.940000,-0.063070495
0.941000,-0.159875961
0.942000,-0.157297134
0.943000,-0.260743441
0.944000,-0.255275604
0.945000,-0.261564720
0.946000,-0.278164214
0.947000,-0.311586092
0.948000,-0.256829748
0.949000,-0.328899549
0.950000,-0.326274471
0.951000,-0.387437036
0.952000,-0.240058696
0.953000,-0.290296034
0.954000,-0.299381046
0.955000,-0.209340195
0.956000,-0.198015438
0.957000,-0.220451507
0.958000,-0.259112981
0.959000,-0.200783526
0.960000,-0.235298910
0.961000,-0.262079293
0.962000,-0.213783652
0.963000,-0.335688912
0.964000,-0.290299942
0.965000,-0.338389360
0.966000,-0.344801649
0.967000,-0.459873288
0.968000,-0.603408861
0.969000,-0.646863627
0.970000,-0.707201890
0.971000,-0.792001997
0.972000,-0.871665470
0.973000,-1.061745834
0.974000,-1.116560415
0.975000,-1.181382796
0.976000,-1.266260398
0.977000,-1.355245301
0.978000,-1.515759209
0.979000,-1.556675062
0.980000,-1.614516685
0.981000,-1.695128429
0.982000,-1.761842203
0.983000,-1.796975785
0.984000,-1.868217013
0.985000,-1.893994520
0.986000,-1.809623288
0.987000,-1.819915093
0.988000,-1.762265704
0.989000,-1.712172785
0.990000,-1.621696201
0.991000,-1.500261278
0.992000,-1.418286009
0.993000,-1.250103866
0.994000,-1.094798609
0.995000,-0.941605236
0.996000,-0.787585443
0.997000,-0.558547740
0.998000,-0.335857747
0.999000,-0.215245523
1.000000,0.037033886
1.001000,0.223886156
1.002000,0.312439304
1.003000,0.559310513
1.004000,0.746201340
1.005000,0.962737719
1.006000,1.107834891
1.007000,1.266390809
1.008000,1.406718594
1.009000,1.480276258
1.010000,1.587512497
1.011000,1.658124514
1.012000,1.756313578
1.013000,1.805929993
1.014000,1.844244886
1.015000,1.828757798
1.016000,1.871716222
1.017000,1.849323018
1.018000,1.829948325
1.019000,1.752409752
1.020000,1.671433392
1.021000,1.609775939
1.022000,1.522345187
1.023000,1.391521569
1.024000,1.351261052
1.025000,1.262034168
1.026000,1.165970520
1.027000,1.004012332
1.028000,0.910818065
1.029000,0.815159673
1.030000,0.709065530
1.031000,0.640358660
1.032000,0.538020520
1.033000,0.463815001
1.034000,0.459101438
1.035000,0.357111476
1.036000,0.309325146
1.037000,0.298171728
1.038000,0.249594812
1.039000,0.235704807
1.040000,0.214750225
1.041000,0.176740313
1.042000,0.215136183
1.043000,0.189594733
1.044000,0.241385158
1.045000,0.213524182
1.046000,0.291601855
1.047000,0.301703128
1.048000,0.301539558
1.049000,0.301647796
1.050000,0.325233638
1.051000,0.257517003
1.052000,0.282116579
1.053000,0.303306194
1.054000,0.304599620
1.055000,0.271777063
1.056000,0.217286652
1.057000,0.218138542
1.058000,0.160960216
1.059000,0.097135550
1.060000,0.088513821
1.061000,0.017355309
1.062000,0.001074270
1.063000,-0.075812850
1.064000,-0.136080702
1.065000,-0.211040132
1.066000,-0.307658584
1.067000,-0.369847728
1.068000,-0.442102267
1.069000,-0.363409640
1.070000,-0.528598855
1.071000,-0.542682030
1.072000,-0.580356635
1.073000,-0.603529776
1.074000,-0.630146089
1.075000,-0.677947303
1.076000,-0.652824213
1.077000,-0.657453137
1.078000,-0.604627767
1.079000,-0.599236142
1.080000,-0.570748318
1.081000,-0.509529592
1.082000,-0.494879032
1.083000,-0.407535797
1.084000,-0.403203945
1.085000,-0.340381854
1.086000,-0.343240892
1.087000,-0.242394462
1.088000,-0.236577739
1.089000,-0.179564839
1.090000,-0.155716249
1.091000,-0.152179521
1.092000,-0.130429992
1.093000,-0.147984133
1.094000,-0.105695494
1.095000,-0.138359859
1.096000,-0.183126903
1.097000,-0.275131128
1.098000,-0.325506443
1.099000,-0.375434973
1.100000,-0.435325509
1.101000,-0.495493888
1.102000,-0.624108926
1.103000,-0.656112358
1.104000,-0.789895339
1.105000,-0.951611760
1.106000,-1.007515554
1.107000,-1.171707492
1.108000,-1.214478215
1.109000,-1.301045296
1.110000,-1.388411369
1.111000,-1.456336244
1.112000,-1.523997753
1.113000,-1.582994897
1.114000,-1.558988917
1.115000,-1.591027469
1.116000,-1.668551296
1.117000,-1.586040505
1.118000,-1.643596313
1.119000,-1.572306276
1.120000,-1.436609497
1.121000,-1.465899409
1.122000,-1.280226451
1.123000,-1.217088522
1.124000,-1.050195698
1.125000,-0.903431708
1.126000,-0.686632569
1.127000,-0.590587432
1.128000,-0.388261119
1.129000,-0.180650341
1.130000,-0.015890459
1.131000,0.160191264
1.132000,0.375975920
1.133000,0.570814717
1.134000,0.779846642
1.135000,0.903193798
1.136000,1.086927397
1.137000,1.267830323
1.138000,1.397951411
1.139000,1.527792065
1.140000,1.647500382
1.141000,1.725046497
1.142000,1.802341140
1.143000,1.901991574
1.144000,1.900194818
1.145000,1.994222253
1.146000,1.974296238
1.147000,1.920931003
1.148000,1.942976725
1.149000,1.899668942
1.150000,1.863880705
1.151000,1.809810135
1.152000,1.687343923
1.153000,1.591361079
1.154000,1.501408106
1.155000,1.391687433
1.156000,1.296597857
1.157000,1.223497195
1.158000,1.111181365
1.159000,0.993122120
1.160000,0.885690079
1.161000,0.822386512
1.162000,0.706276449
1.163000,0.605687993
1.164000,0.554829896
1.165000,0.481363532
1.166000,0.394840878
1.167000,0.397206680
1.168000,0.350898085
1.169000,0.287222113
1.170000,0.257247481
1.171000,0.242628888
1.172000,0.204736086
1.173000,0.215690205
1.174000,0.225337665
1.175000,0.167122117
1.176000,0.168205285
1.177000,0.171629563
1.178000,0.124779356
1.179000,0.088620182
1.180000,0.134326169
1.181000,0.041073198
1.182000,0.118421967
1.183000,0.062589859
1.184000,0.008560770
1.185000,-0.034540885
1.186000,-0.028001948
1.187000,-0.158687957
1.188000,-0.219798594
1.189000,-0.262031483
1.190000,-0.314746649
1.191000,-0.402763827
1.192000,-0.435536084
1.193000,-0.504489103
1.194000,-0.601080168
1.195000,-0.595146561
1.196000,-0.748821852
1.197000,-0.805207350
1.198000,-0.810304897
1.199000,-0.876209912
1.200000,-0.898535335
1.201000,-0.962493475
1.202000,-0.998792234
1.203000,-1.001437028
1.204000,-1.006852217
1.205000,-0.964644422
1.206000,-0.978607838
1.207000,-0.915146788
1.208000,-0.884507948
1.209000,-0.826095804
1.210000,-0.777281920
1.211000,-0.720599304
1.212000,-0.654876952
1.213000,-0.622659655
1.214000,-0.540995544
1.215000,-0.512361316
1.216000,-0.372970154
1.217000,-0.327787057
1.218000,-0.224602366
1.219000,-0.154722269
1.220000,-0.151360344
1.221000,-0.089241353
1.222000,-0.026402737
1.223000,0.001261092
1.224000,0.043385089
1.225000,0.013451241
1.226000,0.046935748
1.227000,-0.020300844
1.228000,-0.062022880
1.229000,-0.015871930
1.230000,-0.128274356
1.231000,-0.168603641
1.232000,-0.266929731
1.233000,-0.347925075
1.234000,-0.406050851
1.235000,-0.500337914
1.236000,-0.556221395
1.237000,-0.671666842
1.238000,-0.792213154
1.239000,-0.858587302
1.240000,-0.940395708
1.241000,-1.047717464
1.242000,-1.150019102
1.243000,-1.174777582
1.244000,-1.207782818
1.245000,-1.282959643
1.246000,-1.276669175
1.247000,-1.312955509
1.248000,-1.309329762
1.249000,-1.344021392
1.250000,-1.303406480
1.251000,-1.212311666
1.252000,-1.184155820
1.253000,-1.058090912
1.254000,-0.904349390
1.255000,-0.825350561
1.256000,-0.650759573
1.257000,-0.556587364
1.258000,-0.369891515
1.259000,-0.155121658
1.260000,-0.004129613
1.261000,0.177739928
1.262000,0.401300015
1.263000,0.569612498
1.264000,0.682107207
1.265000,0.920597107
1.266000,1.028075572
1.267000,1.202316115
1.268000,1.348624414
1.269000,1.513063599
1.270000,1.565662901
1.271000,1.716551497
1.272000,1.806033726
1.273000,1.885181466
1.274000,1.907866709
1.275000,1.980329354
1.276000,1.947791442
1.277000,2.005737121
1.278000,1.968016746
1.279000,1.886393962
1.280000,1.897493534
1.281000,1.834674435
1.282000,1.751260525
1.283000,1.662605530
1.284000,1.591994392
1.285000,1.463852289
1.286000,1.460846030
1.287000,1.276036327
1.288000,1.188170037
1.289000,1.140371496
1.290000,1.022901540
1.291000,0.928876120
1.292000,0.858404358
1.293000,0.713837817
1.294000,0.607530034
1.295000,0.585960223
1.296000,0.512570226
1.297000,0.413422533
1.298000,0.326264297
1.299000,0.348632883
1.300000,0.281778785
1.301000,0.181599051
1.302000,0.209056520
1.303000,0.109024735
1.304000,0.107212615
1.305000,0.059311682
1.306000,0.046087849
1.307000,0.012337090
1.308000,-0.010009719
1.309000,-0.000795713
1.310000,-0.047388528
1.311000,-0.074571846
1.312000,-0.101962335
1.313000,-0.191742444
1.314000,-0.228799457
1.315000,-0.270595641
1.316000,-0.295913925
1.317000,-0.385092319
1.318000,-0.439700470
1.319000,-0.523182149
1.320000,-0.597384998
1.321000,-0.759821949
1.322000,-0.757813305
1.323000,-0.855432645
1.324000,-0.936164580
1.325000,-1.026680833
1.326000,-1.092483534
1.327000,-1.130586875
1.328000,-1.174436907
1.329000,-1.293150158
1.330000,-1.281167101
1.331000,-1.333959271
1.332000,-1.364198170
1.333000,-1.330883255
1.334000,-1.347501871
1.335000,-1.340126865
1.336000,-1.313849223
1.337000,-1.240649411
1.338000,-1.196020307
1.339000,-1.164062753
1.340000,-1.081966677
1.341000,-0.978535216
1.342000,-0.869389393
1.343000,-0.815108258
1.344000,-0.666207787
1.345000,-0.599653453
1.346000,-0.385802731
1.347000,-0.389008014
1.348000,-0.279903517
1.349000,-0.149898528
1.350000,-0.088168598
1.351000,0.050821636
1.352000,0.158046060
1.353000,0.159915794
1.354000,0.232592712
1.355000,0.255072097
1.356000,0.300368453
1.357000,0.359144837
1.358000,0.344656476
1.359000,0.278176884
1.360000,0.325293395
1.361000,0.274100389
1.362000,0.201696889
1.363000,0.103827621
1.364000,0.052023279
1.365000,-0.055885958
1.366000,-0.106878382
1.367000,-0.224232095
1.368000,-0.378582794
1.369000,-0.381443787
1.370000,-0.499973318
1.371000,-0.566526405
1.372000,-0.690727234
1.373000,-0.761338760
1.374000,-0.804577547
1.375000,-0.886391700
1.376000,-0.936747006
1.377000,-0.882328540
1.378000,-1.002088848
1.379000,-0.994217275
1.380000,-0.932964644
1.381000,-0.977934978
1.382000,-0.936899361
1.383000,-0.883872142
1.384000,-0.744054669
1.385000,-0.645198266
1.386000,-0.531469935
1.387000,-0.471251771
1.388000,-0.266138329
1.389000,-0.116548738
1.390000,-0.003924193
1.391000,0.157023584
1.392000,0.336844281
1.393000,0.489439235
1.394000,0.658681551
1.395000,0.764844963
1.396000,0.945125654
1.397000,1.059884067
1.398000,1.252207863
1.399000,1.375630021
1.400000,1.471173151
1.401000,1.584148129
1.402000,1.615313483
1.403000,1.759382731
1.404000,1.775602758
1.405000,1.833536463
1.406000,1.887224393
1.407000,1.839458687
1.408000,1.891231058
1.409000,1.837668884
1.410000,1.799803802
1.411000,1.768117251
1.412000,1.655210573
1.413000,1.641703604
1.414000,1.548517707
1.415000,1.493605858
1.416000,1.366459690
1.417000,1.268655168
1.418000,1.194885463
1.419000,1.085346966
1.420000,0.955674515
1.421000,0.890497343
1.422000,0.842504461
1.423000,0.713497572
1.424000,0.606390523
1.425000,0.575151658
1.426000,0.424560810
1.427000,0.348541539
1.428000,0.349490253
1.429000,0.297791844
1.430000,0.246645571
1.431000,0.165323718
1.432000,0.143421358
1.433000,0.064800611
1.434000,0.074329743
1.435000,-0.018483229
1.436000,-0.011944513
1.437000,-0.037671242
1.438000,-0.137779188
1.439000,-0.142674044
1.440000,-0.148393320
1.441000,-0.174383620
1.442000,-0.319089102
1.443000,-0.321571156
1.444000,-0.431540744
1.445000,-0.502447910
1.446000,-0.486627110
1.447000,-0.591346063
1.448000,-0.716351056
1.449000,-0.769750910
1.450000,-0.843567515
1.451000,-0.945292130
1.452000,-0.971478662
1.453000,-1.107900480
1.454000,-1.300715103
1.455000,-1.300765150
1.456000,-1.390150635
1.457000,-1.443614926
1.458000,-1.498584002
1.459000,-1.570763933
1.460000,-1.625544483
1.461000,-1.582296109
1.462000,-1.622975988
1.463000,-1.665454609
1.464000,-1.615559137
1.465000,-1.592149071
1.466000,-1.536571655
1.467000,-1.554298115
1.468000,-1.433526581
1.469000,-1.396295742
1.470000,-1.252260223
1.471000,-1.190327190
1.472000,-1.140435314
1.473000,-0.950520067
1.474000,-0.877626229
1.475000,-0.698148891
1.476000,-0.557824142
1.477000,-0.431445480
1.478000,-0.328237812
1.479000,-0.184236157
1.480000,-0.048125514
1.481000,0.090948755
1.482000,0.249630890
1.483000,0.334579495
1.484000,0.389736577
1.485000,0.519699146
1.486000,0.503954928
1.487000,0.614193133
1.488000,0.621626757
1.489000,0.651551667
1.490000,0.665555513
1.491000,0.612624976
1.492000,0.628917638
1.493000,0.562593721
1.494000,0.580451059
1.495000,0.432776966
1.496000,0.403931833
1.497000,0.301107871
1.498000,0.156089634
1.499000,0.137538265
1.500000,-0.031812324
1.501000,-0.163679453
1.502000,-0.165713955
1.503000,-0.249626556
1.504000,-0.364295819
1.505000,-0.449735378
1.506000,-0.460586638
1.507000,-0.541516978
1.508000,-0.624558872
1.509000,-0.611066237
1.510000,-0.683700396
1.511000,-0.661230961
1.512000,-0.658417699
1.513000,-0.659643015
1.514000,-0.580315579
1.515000,-0.444812978
1.516000,-0.436837090
1.517000,-0.329807893
1.518000,-0.245805107
1.519000,-0.072423797
1.520000,0.022823719
1.521000,0.165486648
1.522000,0.280459612
1.523000,0.384275520
1.524000,0.526860109
1.525000,0.716752387
1.526000,0.822379152
1.527000,0.974812737
1.528000,0.977404060
1.529000,1.217856977
1.530000,1.272092544
1.531000,1.443247809
1.532000,1.441600377
1.533000,1.523486781
1.534000,1.594402207
1.535000,1.586130634
1.536000,1.662130764
1.537000,1.625975951
1.538000,1.679569341
1.539000,1.646994462
1.540000,1.607866054
1.541000,1.529503820
1.542000,1.492670843
1.543000,1.446487871
1.544000,1.307053066
1.545000,1.275506679
1.546000,1.239067859
1.547000,1.088028431
1.548000,1.077266373
1.549000,0.931881455
1.550000,0.872523626
1.551000,0.741891825
1.552000,0.706756575
1.553000,0.625273371
1.554000,0.568600543
1.555000,0.502712273
1.556000,0.432067974
1.557000,0.338036280
1.558000,0.237185370
1.559000,0.260565609
1.560000,0.132913665
1.561000,0.113837661
1.562000,0.107193675
1.563000,0.058825352
1.564000,0.055259192
1.565000,-0.030097939
1.566000,-0.118444942
1.567000,-0.115020360
1.568000,-0.142714532
1.569000,-0.202625476
1.570000,-0.197659988
1.571000,-0.299792466
1.572000,-0.392690180
1.573000,-0.398145872
1.574000,-0.514594676
1.575000,-0.502676777
1.576000,-0.624401496
1.577000,-0.758389216
1.578000,-0.772093805
1.579000,-0.825238678
1.580000,-1.051015257
1.581000,-1.060035795
1.582000,-1.169275491
1.583000,-1.274284282
1.584000,-1.362664049
1.585000,-1.447760979
1.586000,-1.567462568
1.587000,-1.581550724
1.588000,-1.733107066
1.589000,-1.692678983
1.590000,-1.753127481
1.591000,-1.869530676
1.592000,-1.855476056
1.593000,-1.819557935
1.594000,-1.868493135
1.595000,-1.834537189
1.596000,-1.801692212
1.597000,-1.698620789
1.598000,-1.680239457
1.599000,-1.575538920
1.600000,-1.457931138
1.601000,-1.365951578
1.602000,-1.259262501
1.603000,-1.136504726
1.604000,-0.995912019
1.605000,-0.832821672
1.606000,-0.691038947
1.607000,-0.500231234
1.608000,-0.307569963
1.609000,-0.154423729
1.610000,-0.023794139
1.611000,0.121926146
1.612000,0.266512447
1.613000,0.389008028
1.614000,0.516638237
1.615000,0.685398035
1.616000,0.717926198
1.617000,0.841429644
1.618000,0.887127826
1.619000,1.026623082
1.620000,0.931077664
1.621000,1.005091873
1.622000,0.987006324
1.623000,0.955626358
1.624000,0.954843447
1.625000,0.902693151
1.626000,0.805970177
1.627000,0.779781080
1.628000,0.698316900
1.629000,0.638164988
1.630000,0.487417772
1.631000,0.453343212
1.632000,0.305629412
1.633000,0.155457591
1.634000,0.136599429
1.635000,0.029574274
1.636000,-0.076522581
1.637000,-0.095606934
1.638000,-0.201254688
1.639000,-0.208731981
1.640000,-0.281397297
1.641000,-0.282793980
1.642000,-0.297444758
1.643000,-0.301997767
1.644000,-0.331330622
1.645000,-0.243013497
1.646000,-0.226756729
1.647000,-0.111476565
1.648000,-0.089643473
1.649000,-0.003458912
1.650000,0.038150381
1.651000,0.143534382
1.652000,0.259101290
1.653000,0.325663647
1.654000,0.432526748
1.655000,0.571675888
1.656000,0.678514848
1.657000,0.789679070
1.658000,0.915056951
1.659000,0.961049900
1.660000,1.077163019
1.661000,1.126974482
1.662000,1.189898801
1.663000,1.256800418
1.664000,1.228742424
1.665000,1.322346471
1.666000,1.318492612
1.667000,1.314766767
1.668000,1.279064344
1.669000,1.303851935
1.670000,1.231387134
1.671000,1.274320285
1.672000,1.192456960
1.673000,1.092610144
1.674000,1.059519566
1.675000,1.033511792
1.676000,0.919944508
1.677000,0.853383856
1.678000,0.773163585
1.679000,0.702433561
1.680000,0.578109950
1.681000,0.552387301
1.682000,0.464404224
1.683000,0.500678044
1.684000,0.340725831
1.685000,0.273071493
1.686000,0.260850608
1.687000,0.175880404
1.688000,0.142332865
1.689000,0.067210315
1.690000,0.102883099
1.691000,0.003693392
1.692000,0.002870903
1.693000,-0.003365694
1.694000,-0.074357914
1.695000,-0.093015437
1.696000,-0.104096127
1.697000,-0.131773599
1.698000,-0.218360845
1.699000,-0.217358771
1.700000,-0.292864435
1.701000,-0.333819473
1.702000,-0.383683430
1.703000,-0.386749880
1.704000,-0.440784557
1.705000,-0.482468606
1.706000,-0.640621395
1.707000,-0.748444306
1.708000,-0.841987558
1.709000,-0.859044335
1.710000,-1.051501960
1.711000,-1.115533581
1.712000,-1.224990422
1.713000,-1.257384833
1.714000,-1.440524769
1.715000,-1.474067100
1.716000,-1.559799589
1.717000,-1.689696239
1.718000,-1.747965357
1.719000,-1.875456727
1.720000,-1.887902158
1.721000,-1.934847261
1.722000,-2.034837020
1.723000,-1.958864050
1.724000,-1.958482769
1.725000,-2.001028269
1.726000,-1.956546558
1.727000,-1.883314742
1.728000,-1.806188733
1.729000,-1.712186648
1.730000,-1.628284627
1.731000,-1.511108105
1.732000,-1.338972624
1.733000,-1.217101252
1.734000,-1.049736913
1.735000,-0.887950545
1.736000,-0.694696905
1.737000,-0.535336640
1.738000,-0.324312116
1.739000,-0.165941497
1.740000,0.037056015
1.741000,0.223237337
1.742000,0.311268021
1.743000,0.543709691
1.744000,0.720239968
1.745000,0.776220025
1.746000,0.929413390
1.747000,1.029586175
1.748000,1.147297108
1.749000,1.226426918
1.750000,1.249921132
1.751000,1.350692494
1.752000,1.309095095
1.753000,1.336603908
1.754000,1.360497241
1.755000,1.361378810
1.756000,1.245458810
1.757000,1.228804522
1.758000,1.144430869
1.759000,1.012583094
1.760000,0.945236686
1.761000,0.845174684
1.762000,0.769280087
1.763000,0.672648557
1.764000,0.586537472
1.765000,0.526364881
1.766000,0.406759440
1.767000,0.385250831
1.768000,0.217106005
1.769000,0.175483698
1.770000,0.101547302
1.771000,0.082568839
1.772000,-0.013991913
1.773000,-0.004995987
1.774000,0.003351785
1.775000,-0.069738340
1.776000,-0.040620634
1.777000,-0.001659922
1.778000,0.002878964
1.779000,0.032568850
1.780000,0.165779523
1.781000,0.163657288
1.782000,0.288671522
1.783000,0.292321320
1.784000,0.375510003
1.785000,0.481371676
1.786000,0.526958445
1.787000,0.580192842
1.788000,0.656375206
1.789000,0.752310060
1.790000,0.784320070
1.791000,0.859955727
1.792000,0.834431632
1.793000,0.921246031
1.794000,0.958799735
1.795000,0.965015051
1.796000,0.956536759
1.797000,0.955565586
1.798000,0.969907667
1.799000,0.988536142
1.800000,0.869114351
1.801000,0.861697619
1.802000,0.850899986
1.803000,0.776939400
1.804000,0.704246912
1.805000,0.629716762
1.806000,0.577062310
1.807000,0.505535527
1.808000,0.374558063
1.809000,0.351096253
1.810000,0.248405057
1.811000,0.282819101
1.812000,0.209672245
1.813000,0.106654156
1.814000,0.104689019
1.815000,0.109533188
1.816000,-0.021622329
1.817000,0.002501397
1.818000,-0.053881713
1.819000,-0.095237105
1.820000,-0.140323461
1.821000,-0.139147069
1.822000,-0.146768016
1.823000,-0.214899282
1.824000,-0.139083826
1.825000,-0.174359264
1.826000,-0.161880084
1.827000,-0.201528255
1.828000,-0.115715578
1.829000,-0.276528184
1.830000,-0.281308053
1.831000,-0.264839139
1.832000,-0.254763679
1.833000,-0.402163950
1.834000,-0.372065670
1.835000,-0.516809222
1.836000,-0.520579128
1.837000,-0.634630859
1.838000,-0.654424463
1.839000,-0.758490366
1.840000,-0.927269434
1.841000,-0.919791786
1.842000,-1.144448157
1.843000,-1.224370743
1.844000,-1.264754010
1.845000,-1.443163579
1.846000,-1.538828093
1.847000,-1.608675048
1.848000,-1.684761896
1.849000,-1.763429179
1.850000,-1.863386784
1.851000,-1.888743779
1.852000,-1.915363153
1.853000,-1.914107518
1.854000,-1.957932276
1.855000,-1.996850121
1.856000,-1.932195296
1.857000,-1.907387476
1.858000,-1.786760925
1.859000,-1.796184357
1.860000,-1.631218481
1.861000,-1.565312361
1.862000,-1.364804721
1.863000,-1.235007178
1.864000,-1.093821378
1.865000,-0.916337207
1.866000,-0.763431381
1.867000,-0.547736053
1.868000,-0.379240714
1.869000,-0.162917164
1.870000,0.010094423
1.871000,0.125025191
1.872000,0.370780933
1.873000,0.611794103
1.874000,0.781124902
1.875000,0.901162086
1.876000,1.042094687
1.877000,1.169426255
1.878000,1.316386848
1.879000,1.416083940
1.880000,1.452992524
1.881000,1.567717415
1.882000,1.631942186
1.883000,1.595011558
1.884000,1.628690836
1.885000,1.641381481
1.886000,1.625746413
1.887000,1.552566814
1.888000,1.496314371
1.889000,1.432662077
1.890000,1.381656043
1.891000,1.297445034
1.892000,1.191343828
1.893000,1.053225215
1.894000,0.960556436
1.895000,0.910333028
1.896000,0.753370537
1.897000,0.698215291
1.898000,0.586388862
1.899000,0.490867503
1.900000,0.428776386
1.901000,0.405809689
1.902000,0.301191770
1.903000,0.230856944
1.904000,0.153400583
1.905000,0.181755677
1.906000,0.180179887
1.907000,0.154646522
1.908000,0.171931789
1.909000,0.161274172
1.910000,0.126518160
1.911000,0.190479089
1.912000,0.240168277
1.913000,0.283730999
1.914000,0.288689697
1.915000,0.345235595
1.916000,0.402594641
1.917000,0.473637412
1.918000,0.507552644
1.919000,0.535395519
1.920000,0.562019587
1.921000,0.547951719
1.922000,0.567795585
1.923000,0.612977411
1.924000,0.654125902
1.925000,0.633757560
1.926000,0.629457452
1.927000,0.550050170
1.928000,0.525695347
1.929000,0.569983590
1.930000,0.495176358
1.931000,0.410369378
1.932000,0.424432547
1.933000,0.349519998
1.934000,0.370847173
1.935000,0.258190144
1.936000,0.168521762
1.937000,0.091245525
1.938000,0.041789091
1.939000,-0.026734220
1.940000,-0.121792662
1.941000,-0.101367798
1.942000,-0.166325503
1.943000,-0.296776364
1.944000,-0.266490653
1.945000,-0.299021191
1.946000,-0.264815132
1.947000,-0.309089847
1.948000,-0.270398970
1.949000,-0.364212541
1.950000,-0.345018183
1.951000,-0.272638977
1.952000,-0.312783351
1.953000,-0.310985057
1.954000,-0.279900723
1.955000,-0.271762056
1.956000,-0.218900786
1.957000,-0.190156248
1.958000,-0.263672911
1.959000,-0.222076102
1.960000,-0.216229834
1.961000,-0.224490331
1.962000,-0.220087156
1.963000,-0.268115736
1.964000,-0.324708940
1.965000,-0.385526819
1.966000,-0.461073251
1.967000,-0.480761861
1.968000,-0.541223620
1.969000,-0.594128251
1.970000,-0.720474970
1.971000,-0.732957778
1.972000,-0.903384339
1.973000,-1.017455874
1.974000,-1.095244067
1.975000,-1.239595393
1.976000,-1.306312251
1.977000,-1.472998922
1.978000,-1.483769811
1.979000,-1.587602860
1.980000,-1.659550932
1.981000,-1.726426252
1.982000,-1.821765443
1.983000,-1.848768335
1.984000,-1.797527737
1.985000,-1.835739100
1.986000,-1.857026624
1.987000,-1.796870673
1.988000,-1.749190369
1.989000,-1.636176649
1.990000,-1.576598469
1.991000,-1.494908699
1.992000,-1.401105785
1.993000,-1.198648169
1.994000,-1.105226715
1.995000,-0.965399931
1.996000,-0.801883944
1.997000,-0.608018232
1.998000,-0.402959413
1.999000,-0.174246190
2.000000,0.027395563
2.001000,0.231740328
2.002000,0.396626157
2.003000,0.607091112
2.004000,0.833056016
2.005000,0.966593256
2.006000,1.150266732
2.007000,1.206839710
2.008000,1.365376260
2.009000,1.484710311
2.010000,1.529597968
2.011000,1.697021531
2.012000,1.803195166
2.013000,1.793443583
2.014000,1.844971993
2.015000,1.824955401
2.016000,1.829768655
2.017000,1.830368989
2.018000,1.747679488
2.019000,1.766291506
2.020000,1.608305279
2.021000,1.599270243
2.022000,1.489308180
2.023000,1.455750358
2.024000,1.335434845
2.025000,1.147953850
2.026000,1.033990026
2.027000,0.972914869
2.028000,0.886023161
2.029000,0.796998698
2.030000,0.710049259
2.031000,0.641987878
2.032000,0.500676194
2.033000,0.415612104
2.034000,0.413905817
2.035000,0.341340583
2.036000,0.304213640
2.037000,0.252456254
2.038000,0.239888561
2.039000,0.271551347
2.040000,0.167959041
2.041000,0.176586894
2.042000,0.235313382
2.043000,0.270723509
2.044000,0.228911154
2.045000,0.211085852
2.046000,0.204066982
2.047000,0.287042359
2.048000,0.255646084
2.049000,0.369919180
2.050000,0.382992705
2.051000,0.323255992
2.052000,0.329585027
2.053000,0.304230809
2.054000,0.328495707
2.055000,0.274066821
2.056000,0.249325659
2.057000,0.254947259
2.058000,0.193356704
2.059000,0.193122900
2.060000,0.029523873
2.061000,0.006987183
2.062000,-0.061937406
2.063000,-0.070525437
2.064000,-0.172928552
2.065000,-0.202620171
2.066000,-0.317372883
2.067000,-0.344609146
2.068000,-0.329057661
2.069000,-0.400628968
2.070000,-0.552571469
2.071000,-0.525449481
2.072000,-0.544754372
2.073000,-0.609899069
2.074000,-0.645695983
2.075000,-0.602037323
2.076000,-0.619853638
2.077000,-0.599156825
2.078000,-0.605565923
2.079000,-0.508775204
2.080000,-0.577548142
2.081000,-0.530885932
2.082000,-0.461948916
2.083000,-0.413546368
2.084000,-0.432979960
2.085000,-0.308217174
2.086000,-0.347225544
2.087000,-0.261908665
2.088000,-0.233633036
2.089000,-0.213056326
2.090000,-0.131618892
2.091000,-0.217387810
2.092000,-0.158876650
2.093000,-0.163508156
2.094000,-0.119831865
2.095000,-0.119875885
2.096000,-0.174337668
2.097000,-0.197868365
2.098000,-0.359263899
2.099000,-0.350611122
2.100000,-0.469466434
2.101000,-0.520183319
2.102000,-0.589872641
2.103000,-0.688585842
2.104000,-0.748730570
2.105000,-0.950587367
2.106000,-1.018328134
2.107000,-1.138570833
2.108000,-1.241090078
2.109000,-1.254398077
2.110000,-1.364626500
2.111000,-1.399880224
2.112000,-1.476618509
2.113000,-1.563138359
2.114000,-1.633152316
2.115000,-1.597720782
2.116000,-1.655044168
2.117000,-1.659640217
2.118000,-1.629467591
2.119000,-1.544212197
2.120000,-1.444399384
2.121000,-1.397134544
2.122000,-1.260737164
2.123000,-1.176743437
2.124000,-1.058669158
2.125000,-0.816390400
2.126000,-0.682917359
2.127000,-0.560362120
2.128000,-0.411156506
2.129000,-0.247731819
2.130000,0.003703594
2.131000,0.177187932
2.132000,0.391761938
2.133000,0.577700609
2.134000,0.766413264
2.135000,0.965752197
2.136000,1.109827909
2.137000,1.236438721
2.138000,1.379849978
2.139000,1.550844278
2.140000,1.615855667
2.141000,1.767471948
2.142000,1.847757654
2.143000,1.887453164
2.144000,1.909605123
2.145000,1.905970576
2.146000,1.934058142
2.147000,1.910449336
2.148000,1.935286048
2.149000,1.881381958
2.150000,1.813396017
2.151000,1.801222812
2.152000,1.702216333
2.153000,1.614021568
2.154000,1.536331055
2.155000,1.452213659
2.156000,1.270906384
2.157000,1.236162518
2.158000,1.056455287
2.159000,0.984031324
2.160000,0.938202121
2.161000,0.832686599
2.162000,0.741266646
2.163000,0.642355242
2.164000,0.601769438
2.165000,0.443074317
2.166000,0.417787457
2.167000,0.373811861
2.168000,0.386576266
2.169000,0.316791799
2.170000,0.284469099
2.171000,0.203969280
2.172000,0.273153607
2.173000,0.203105689
2.174000,0.145479678
2.175000,0.235068105
2.176000,0.112190436
2.177000,0.119365021
2.178000,0.127900608
2.179000,0.093056725
2.180000,0.122962480
2.181000,0.096439009
2.182000,0.068162116
2.183000,0.093291061
2.184000,-0.046089040
2.185000,0.004917810
2.186000,-0.105282241
2.187000,-0.086436261
2.188000,-0.127836370
2.189000,-0.175040814
2.190000,-0.312608153
2.191000,-0.407467534
2.192000,-0.430314133
2.193000,-0.510168508
2.194000,-0.629549935
2.195000,-0.621171791
2.196000,-0.734739973
2.197000,-0.723645400
2.198000,-0.792633590
2.199000,-0.878425547
2.200000,-0.909982210
2.201000,-0.951201373
2.202000,-0.981513839
2.203000,-0.889121404
2.204000,-1.014430264
2.205000,-0.978734174
2.206000,-0.934464941
2.207000,-0.949519871
2.208000,-0.921006492
2.209000,-0.897186725
2.210000,-0.768542431
2.211000,-0.722769799
2.212000,-0.663874533
2.213000,-0.652422763
2.214000,-0.518031534
2.215000,-0.448898369
2.216000,-0.391864584
2.217000,-0.348876304
2.218000,-0.238349208
2.219000,-0.196672053
2.220000,-0.108396489
2.221000,-0.056925970
2.222000,-0.026067095
2.223000,0.043249815
2.224000,0.036392967
2.225000,0.063986563
2.226000,0.058072468
2.227000,0.060598917
2.228000,-0.026291360
2.229000,-0.047730984
2.230000,-0.061455116
2.231000,-0.147200125
2.232000,-0.190634685
2.233000,-0.283301667
2.234000,-0.407425557
2.235000,-0.461618735
2.236000,-0.593423581
2.237000,-0.656454067
2.238000,-0.728766665
2.239000,-0.848569972
2.240000,-0.905207307
2.241000,-1.106603862
2.242000,-1.154280863
2.243000,-1.213326021
2.244000,-1.272847183
2.245000,-1.291602232
2.246000,-1.340832729
2.247000,-1.307570254
2.248000,-1.305252705
2.249000,-1.298911596
2.250000,-1.300366399
2.251000,-1.194405948
2.252000,-1.113843389
2.253000,-1.029685735
2.254000,-0.929469299
2.255000,-0.763385852
2.256000,-0.683206727
2.257000,-0.527050761
2.258000,-0.335070609
2.259000,-0.169901132
2.260000,0.015192940
2.261000,0.160511129
2.262000,0.310717118
2.263000,0.493580929
2.264000,0.695432733
2.265000,0.904832904
2.266000,1.070300821
2.267000,1.148366474
2.268000,1.364184894
2.269000,1.478255594
2.270000,1.568277724
2.271000,1.768718922
2.272000,1.798232016
2.273000,1.885658524
2.274000,1.991204046
2.275000,1.932793405
2.276000,1.957234056
2.277000,2.015995828
2.278000,1.918219412
2.279000,1.930615420
2.280000,1.886642377
2.281000,1.858400729
2.282000,1.774091942
2.283000,1.657297743
2.284000,1.628367571
2.285000,1.532471482
2.286000,1.378594323
2.287000,1.289250596
2.288000,1.192234305
2.289000,1.071544322
2.290000,1.037290618
2.291000,0.897553475
2.292000,0.804568199
2.293000,0.692069427
2.294000,0.627088716
2.295000,0.605180732
2.296000,0.511130525
2.297000,0.374707300
2.298000,0.334540476
2.299000,0.330526397
2.300000,0.249559700
2.301000,0.206206081
2.302000,0.159843141
2.303000,0.112321983
2.304000,0.124550209
2.305000,0.081602808
2.306000,0.099434102
2.307000,0.035335182
2.308000,-0.020565529
2.309000,-0.001709467
2.310000,-0.015841838
2.311000,-0.115505901
2.312000,-0.185809876
2.313000,-0.194930351
2.314000,-0.271693592
2.315000,-0.237491697
2.316000,-0.388748419
2.317000,-0.421895512
2.318000,-0.436941355
2.319000,-0.527614715
2.320000,-0.644512801
2.321000,-0.729773766
2.322000,-0.789683978
2.323000,-0.869025046
2.324000,-0.892899055
2.325000,-1.015503140
2.326000,-1.120224407
2.327000,-1.113499107
2.328000,-1.168540193
2.329000,-1.255020471
2.330000,-1.264546465
2.331000,-1.315601271
2.332000,-1.371878037
2.333000,-1.345094162
2.334000,-1.371980675
2.335000,-1.339380417
2.336000,-1.318941205
2.337000,-1.239103031
2.338000,-1.190124648
2.339000,-1.170903923
2.340000,-1.084332399
2.341000,-0.973140783
2.342000,-0.867612790
2.343000,-0.781449588
2.344000,-0.747054820
2.345000,-0.536326222
2.346000,-0.414465718
2.347000,-0.313264148
2.348000,-0.239876632
2.349000,-0.135559053
2.350000,-0.080722940
2.351000,0.031650059
2.352000,0.070084698
2.353000,0.175197198
2.354000,0.184518793
2.355000,0.288160940
2.356000,0.289732640
2.357000,0.339204870
2.358000,0.323306303
2.359000,0.291516852
2.360000,0.304216043
2.361000,0.204036408
2.362000,0.179160267
2.363000,0.107477816
2.364000,0.072371225
2.365000,-0.034287438
2.366000,-0.112805992
2.367000,-0.198973831
2.368000,-0.381917397
2.369000,-0.437019424
2.370000,-0.502239010
2.371000,-0.568506620
2.372000,-0.669464209
2.373000,-0.727669774
2.374000,-0.844686048
2.375000,-0.895005199
2.376000,-0.960381028
2.377000,-0.991830437
2.378000,-1.021931948
2.379000,-1.015591265
2.380000,-0.990699552
2.381000,-0.973331369
2.382000,-0.904872195
2.383000,-0.895469192
2.384000,-0.747226529
2.385000,-0.658643483
2.386000,-0.540327701
2.387000,-0.444549876
2.388000,-0.311560695
2.389000,-0.122995886
2.390000,-0.005639965
2.391000,0.215643071
2.392000,0.274392877
2.393000,0.471003986
2.394000,0.605601254
2.395000,0.773825207
2.396000,0.926664577
2.397000,1.081836300
2.398000,1.256754818
2.399000,1.325406706
2.400000,1.492437953
2.401000,1.532017519
2.402000,1.649843204
2.403000,1.773239254
2.404000,1.803482173
2.405000,1.837833342
2.406000,1.872666479
2.407000,1.879432955
2.408000,1.874154222
2.409000,1.876056516
2.410000,1.767804466
2.411000,1.749313707
2.412000,1.711739407
2.413000,1.646369687
2.414000,1.563414160
2.415000,1.501713647
2.416000,1.357934044
2.417000,1.239063085
2.418000,1.221967926
2.419000,1.087103909
2.420000,0.974432983
2.421000,0.897388863
2.422000,0.791507274
2.423000,0.746476923
2.424000,0.659209319
2.425000,0.563025533
2.426000,0.496390207
2.427000,0.413127785
2.428000,0.380410030
2.429000,0.221464500
2.430000,0.204987741
2.431000,0.190909289
2.432000,0.135532025
2.433000,0.078247142
2.434000,0.086341930
2.435000,0.000624826
2.436000,-0.000946393
2.437000,-0.041789930
2.438000,-0.083349508
2.439000,-0.151874500
2.440000,-0.177832674
2.441000,-0.184044548
2.442000,-0.257664593
2.443000,-0.302883549
2.444000,-0.396864723
2.445000,-0.513158663
2.446000,-0.548503370
2.447000,-0.615911868
2.448000,-0.653179983
2.449000,-0.742243124
2.450000,-0.850080551
2.451000,-0.976426740
2.452000,-1.035043608
2.453000,-1.133925799
2.454000,-1.218230902
2.455000,-1.329064820
2.456000,-1.354136209
2.457000,-1.438385805
2.458000,-1.474856524
2.459000,-1.595078437
2.460000,-1.626806407
2.461000,-1.513810103
2.462000,-1.667297752
2.463000,-1.636704945
2.464000,-1.622815973
2.465000,-1.641870055
2.466000,-1.522762665
2.467000,-1.524607319
2.468000,-1.452438628
2.469000,-1.323510501
2.470000,-1.310642187
2.471000,-1.199182944
2.472000,-1.082647320
2.473000,-0.992760079
2.474000,-0.815826169
2.475000,-0.677442791
2.476000,-0.550578794
2.477000,-0.399731419
2.478000,-0.257660593
2.479000,-0.140603205
2.480000,-0.030031028
2.481000,0.135004513
2.482000,0.190075980
2.483000,0.355197658
2.484000,0.398113743
2.485000,0.504426898
2.486000,0.599793362
2.487000,0.525698565
2.488000,0.621115987
2.489000,0.632343472
2.490000,0.697623243
2.491000,0.620807554
2.492000,0.686753479
2.493000,0.517035933
2.494000,0.518582258
2.495000,0.430315742
2.496000,0.381009298
2.497000,0.264740847
2.498000,0.177782469
2.499000,0.042034757
2.500000,0.003245210
2.501000,-0.141657258
2.502000,-0.230603495
2.503000,-0.279089056
2.504000,-0.369497063
2.505000,-0.411092101
2.506000,-0.548690980
2.507000,-0.550242659
2.508000,-0.595207890
2.509000,-0.642083362
2.510000,-0.670510711
2.511000,-0.646834696
2.512000,-0.600364221
2.513000,-0.604855166
2.514000,-0.519577952
2.515000,-0.489697060
2.516000,-0.352158567
2.517000,-0.312502827
2.518000,-0.216242168
2.519000,-0.146716852
2.520000,-0.020026758
2.521000,0.162202997
2.522000,0.276806720
2.523000,0.427844627
2.524000,0.535539136
2.525000,0.687121263
2.526000,0.805390509
2.527000,0.960436645
2.528000,1.065737014
2.529000,1.240493263
2.530000,1.266269245
2.531000,1.411626384
2.532000,1.425288241
2.533000,1.508678750
2.534000,1.549344562
2.535000,1.650193605
2.536000,1.649058309
2.537000,1.649447624
2.538000,1.647929897
2.539000,1.590667224
2.540000,1.635084345
2.541000,1.592915512
2.542000,1.497958985
2.543000,1.437888343
2.544000,1.387527415
2.545000,1.286801529
2.546000,1.204920359
2.547000,1.111289720
2.548000,1.028520302
2.549000,0.936449106
2.550000,0.884721494
2.551000,0.766472837
2.552000,0.679374292
2.553000,0.592586858
2.554000,0.489524423
2.555000,0.508895622
2.556000,0.409720144
2.557000,0.357763733
2.558000,0.258073368
2.559000,0.264568673
2.560000,0.176393791
2.561000,0.170578050
2.562000,0.084679212
2.563000,0.044178679
2.564000,-0.008371405
2.565000,-0.027651729
2.566000,-0.060993350
2.567000,-0.061981714
2.568000,-0.101744959
2.569000,-0.189408800
2.570000,-0.203462441
2.571000,-0.373893628
2.572000,-0.363723534
2.573000,-0.404658214
2.574000,-0.453550471
2.575000,-0.540980520
2.576000,-0.634185917
2.577000,-0.730135613
2.578000,-0.828468531
2.579000,-0.839257262
2.580000,-0.957226802
2.581000,-1.047894686
2.582000,-1.183478144
2.583000,-1.295588771
2.584000,-1.356323076
2.585000,-1.463256193
2.586000,-1.550514752
2.587000,-1.624626107
2.588000,-1.711609879
2.589000,-1.777578346
2.590000,-1.806230234
2.591000,-1.875509275
2.592000,-1.837366560
2.593000,-1.836997182
2.594000,-1.876849471
2.595000,-1.884487830
2.596000,-1.777813504
2.597000,-1.726491999
2.598000,-1.661393763
2.599000,-1.615276994
2.600000,-1.531669814
2.601000,-1.308376746
2.602000,-1.239761794
2.603000,-1.081126294
2.604000,-0.952486819
2.605000,-0.785021341
2.606000,-0.677770440
2.607000,-0.491796213
2.608000,-0.357237300
2.609000,-0.188661177
2.610000,-0.020265745
2.611000,0.098270229
2.612000,0.282478124
2.613000,0.409318302
2.614000,0.518128117
2.615000,0.659982015
2.616000,0.759724322
2.617000,0.815800963
2.618000,0.966028586
2.619000,0.975330970
2.620000,1.018635202
2.621000,0.989441348
2.622000,1.023826825
2.623000,1.001727523
2.624000,0.914831848
2.625000,0.877559314
2.626000,0.925494001
2.627000,0.754656228
2.628000,0.701247678
2.629000,0.592442848
2.630000,0.530658824
2.631000,0.379392320
2.632000,0.281375161
2.633000,0.248768180
2.634000,0.126862528
2.635000,-0.042306647
2.636000,-0.049349622
2.637000,-0.129063175
2.638000,-0.165785792
2.639000,-0.229606926
2.640000,-0.268650362
2.641000,-0.302679697
2.642000,-0.309115028
2.643000,-0.350771511
2.644000,-0.324816311
2.645000,-0.296174200
2.646000,-0.267644367
2.647000,-0.147896771
2.648000,-0.071676052
2.649000,-0.007572837
2.650000,0.043060212
2.651000,0.139604787
2.652000,0.243003513
2.653000,0.394164876
2.654000,0.483433904
2.655000,0.627100679
2.656000,0.651763655
2.657000,0.776847742
2.658000,0.843723431
2.659000,0.930542768
2.660000,1.052078953
2.661000,1.121242362
2.662000,1.180334649
2.663000,1.203046663
2.664000,1.296677366
2.665000,1.311839675
2.666000,1.365086302
2.667000,1.359176999
2.668000,1.296321836
2.669000,1.329009424
2.670000,1.269744169
2.671000,1.294191761
2.672000,1.198748528
2.673000,1.127966894
2.674000,1.067529077
2.675000,0.965836263
2.676000,0.976024713
2.677000,0.925401036
2.678000,0.732345175
2.679000,0.698728055
2.680000,0.625790821
2.681000,0.535922781
2.682000,0.517673102
2.683000,0.449487839
2.684000,0.339755775
2.685000,0.348878697
2.686000,0.232179422
2.687000,0.173304245
2.688000,0.143126708
2.689000,0.071052807
2.690000,0.099820246
2.691000,0.041022719
2.692000,-0.019037985
2.693000,-0.042901981
2.694000,-0.092455930
2.695000,-0.085135685
2.696000,-0.160500667
2.697000,-0.152158959
2.698000,-0.201174068
2.699000,-0.205791593
2.700000,-0.233226315
2.701000,-0.287850224
2.702000,-0.367908812
2.703000,-0.444517930
2.704000,-0.497671741
2.705000,-0.561131168
2.706000,-0.624287321
2.707000,-0.740247341
2.708000,-0.841921482
2.709000,-0.902065959
2.710000,-0.964586548
2.711000,-1.049854786
2.712000,-1.184212537
2.713000,-1.339592609
2.714000,-1.367866654
2.715000,-1.532486806
2.716000,-1.622317339
2.717000,-1.671864817
2.718000,-1.803339974
2.719000,-1.805244892
2.720000,-1.886864801
2.721000,-1.916422763
2.722000,-1.982152416
2.723000,-1.945932538
2.724000,-1.953744053
2.725000,-1.961126839
2.726000,-1.885819844
2.727000,-1.940644650
2.728000,-1.779443934
2.729000,-1.706221801
2.730000,-1.623390866
2.731000,-1.475556108
2.732000,-1.333173998
2.733000,-1.224952682
2.734000,-1.050118690
2.735000,-0.882302746
2.736000,-0.696626167
2.737000,-0.493905155
2.738000,-0.364076797
2.739000,-0.129523916
2.740000,-0.028741673
2.741000,0.194848183
2.742000,0.303494023
2.743000,0.518203148
2.744000,0.688422932
2.745000,0.866084976
2.746000,0.931850212
2.747000,1.017852853
2.748000,1.164866969
2.749000,1.212061879
2.750000,1.272950136
2.751000,1.338826332
2.752000,1.367578024
2.753000,1.288789604
2.754000,1.331335972
2.755000,1.302283802
2.756000,1.228751367
2.757000,1.156618692
2.758000,1.135824232
2.759000,1.046144439
2.760000,0.952151391
2.761000,0.877196758
2.762000,0.773848873
2.763000,0.685680065
2.764000,0.633002739
2.765000,0.487130193
2.766000,0.450496263
2.767000,0.342981911
2.768000,0.253436332
2.769000,0.129950980
2.770000,0.080311897
2.771000,0.009780099
2.772000,0.009845816
2.773000,-0.032365557
2.774000,-0.032269454
2.775000,-0.039038220
2.776000,-0.033339075
2.777000,-0.027496380
2.778000,-0.013267401
2.779000,0.045575616
2.780000,0.132296019
2.781000,0.165630317
2.782000,0.234847985
2.783000,0.333608410
2.784000,0.396349960
2.785000,0.413213266
2.786000,0.530726631
2.787000,0.581020049
2.788000,0.676347047
2.789000,0.755838024
2.790000,0.819585936
2.791000,0.907227232
2.792000,0.887125701
2.793000,0.929141392
2.794000,0.981429927
2.795000,1.009253884
2.796000,0.955401633
2.797000,1.002672238
2.798000,0.987756409
2.799000,0.939413657
2.800000,0.902634085
2.801000,0.891964861
2.802000,0.834403599
2.803000,0.778926754
2.804000,0.685105841
2.805000,0.591569043
2.806000,0.573844358
2.807000,0.500434484
2.808000,0.453896362
2.809000,0.349634361
2.810000,0.325933634
2.811000,0.256375677
2.812000,0.162788913
2.813000,0.158652047
2.814000,0.070255192
2.815000,0.015179688
2.816000,0.004595979
2.817000,-0.036918239
2.818000,-0.091908468
2.819000,-0.069531951
2.820000,-0.107420786
2.821000,-0.145215716
2.822000,-0.187539616
2.823000,-0.132633492
2.824000,-0.152026968
2.825000,-0.161125842
2.826000,-0.134352676
2.827000,-0.263669883
2.828000,-0.167587540
2.829000,-0.185895676
2.830000,-0.282718546
2.831000,-0.255555060
2.832000,-0.349876515
2.833000,-0.403666564
2.834000,-0.429983983
2.835000,-0.434468802
2.836000,-0.548530119
2.837000,-0.635397153
2.838000,-0.694754071
2.839000,-0.830624855
2.840000,-0.862912317
2.841000,-0.960744212
2.842000,-1.097847080
2.843000,-1.238610144
2.844000,-1.286830640
2.845000,-1.412279325
2.846000,-1.500277623
2.847000,-1.578496950
2.848000,-1.685243454
2.849000,-1.802120774
2.850000,-1.796306226
2.851000,-1.886272398
2.852000,-1.924761191
2.853000,-1.940774385
2.854000,-1.958425101
2.855000,-1.936822288
2.856000,-1.927124061
2.857000,-1.894097353
2.858000,-1.842837344
2.859000,-1.761261442
2.860000,-1.656655507
2.861000,-1.503667302
2.862000,-1.413073225
2.863000,-1.261474355
2.864000,-1.103433177
2.865000,-0.915469339
2.866000,-0.733855548
2.867000,-0.508776001
2.868000,-0.419543814
2.869000,-0.191691773
2.870000,0.025527816
2.871000,0.148907276
2.872000,0.438430878
2.873000,0.562786077
2.874000,0.713728757
2.875000,0.927148252
2.876000,0.979935466
2.877000,1.185850892
2.878000,1.267725054
2.879000,1.398265492
2.880000,1.493587014
2.881000,1.571643874
2.882000,1.607295121
2.883000,1.686249178
2.884000,1.636155391
2.885000,1.617216707
2.886000,1.640847375
2.887000,1.563223755
2.888000,1.524721130
2.889000,1.328460400
2.890000,1.383696360
2.891000,1.282328427
2.892000,1.178879330
2.893000,1.074461549
2.894000,1.020350582
2.895000,0.829978259
2.896000,0.884478112
2.897000,0.726048202
2.898000,0.608306865
2.899000,0.565945582
2.900000,0.436215098
2.901000,0.328670072
2.902000,0.323339693
2.903000,0.190645797
2.904000,0.215603694
2.905000,0.202331553
2.906000,0.162127763
2.907000,0.092889085
2.908000,0.143106711
2.909000,0.143283597
2.910000,0.143350072
2.911000,0.122468219
2.912000,0.188857263
2.913000,0.247078638
2.914000,0.337248595
2.915000,0.429731203
2.916000,0.417322238
2.917000,0.411850853
2.918000,0.464764354
2.919000,0.548471580
2.920000,0.568546628
2.921000,0.590437674
2.922000,0.607967149
2.923000,0.651711811
2.924000,0.689956747
2.925000,0.622185029
2.926000,0.617387967
2.927000,0.610229426
2.928000,0.555680244
2.929000,0.470608234
2.930000,0.511027431
2.931000,0.427772642
2.932000,0.437465618
2.933000,0.347251747
2.934000,0.327225971
2.935000,0.194963364
2.936000,0.192056566
2.937000,0.046829881
2.938000,0.062950201
2.939000,-0.030772032
2.940000,-0.050505811
2.941000,-0.139936870
2.942000,-0.154097281
2.943000,-0.199056134
2.944000,-0.235930306
2.945000,-0.260878566
2.946000,-0.243828760
2.947000,-0.324607146
2.948000,-0.272918811
2.949000,-0.327090505
2.950000,-0.276536117
2.951000,-0.234460208
2.952000,-0.317076366
2.953000,-0.343907070
2.954000,-0.259188808
2.955000,-0.269718014
2.956000,-0.250875043
2.957000,-0.233579182
2.958000,-0.232078989
2.959000,-0.170422695
2.960000,-0.182895392
2.961000,-0.192183063
2.962000,-0.175720771
2.963000,-0.294834294
2.964000,-0.382218283
2.965000,-0.291463546
2.966000,-0.398817785
2.967000,-0.471299007
2.968000,-0.595743359
2.969000,-0.662330864
2.970000,-0.688384807
2.971000,-0.806963183
2.972000,-0.965676063
2.973000,-1.031169973
2.974000,-1.075187975
2.975000,-1.172118479
2.976000,-1.306154777
2.977000,-1.326056107
2.978000,-1.473250888
2.979000,-1.535295267
2.980000,-1.625869246
2.981000,-1.706133366
2.982000,-1.823728812
2.983000,-1.869820479
2.984000,-1.866760973
2.985000,-1.842826313
2.986000,-1.839076297
2.987000,-1.798261956
2.988000,-1.762021633
2.989000,-1.680478341
2.990000,-1.580282532
2.991000,-1.507005269
2.992000,-1.396269778
2.993000,-1.330797679
2.994000,-1.076013752
2.995000,-0.962484679
2.996000,-0.792550829
2.997000,-0.556115715
2.998000,-0.364483591
2.999000,-0.176809260
3.000000,0.028590223
3.001000,0.164386409
3.002000,0.385160931
3.003000,0.565646054
3.004000,0.817171925
3.005000,0.965198677
3.006000,1.094862009
3.007000,1.277402530
3.008000,1.398871365
3.009000,1.503720649
3.010000,1.623915432
3.011000,1.720328736
3.012000,1.757157142
3.013000,1.771988411
3.014000,1.849746204
3.015000,1.842655227
3.016000,1.810159948
3.017000,1.798763005
3.018000,1.776069016
3.019000,1.731885460
3.020000,1.682718706
3.021000,1.583228902
3.022000,1.517549845
3.023000,1.399874862
3.024000,1.328949286
3.025000,1.222570783
3.026000,1.123737047
3.027000,1.046069939
3.028000,0.892604883
3.029000,0.754871100
3.030000,0.706805719
3.031000,0.646062940
3.032000,0.542404089
3.033000,0.479171960
3.034000,0.354652235
3.035000,0.327145720
3.036000,0.323476356
3.037000,0.295044709
3.038000,0.222572024
3.039000,0.237966468
3.040000,0.195326952
3.041000,0.178779463
3.042000,0.218195595
3.043000,0.230212248
3.044000,0.246972288
3.045000,0.270868678
3.046000,0.314414025
3.047000,0.307688578
3.048000,0.282301250
3.049000,0.332842477
3.050000,0.268719073
3.051000,0.319487726
3.052000,0.346625529
3.053000,0.328143050
3.054000,0.319089062
3.055000,0.331460117
3.056000,0.225202685
3.057000,0.237978476
3.058000,0.171771100
3.059000,0.162633462
3.060000,0.082157344
3.061000,0.047117097
3.062000,0.011582860
3.063000,-0.076851347
3.064000,-0.164415317
3.065000,-0.231720441
3.066000,-0.303124334
3.067000,-0.310635486
3.068000,-0.358598045
3.069000,-0.457109419
3.070000,-0.550496548
3.071000,-0.555392499
3.072000,-0.556525313
3.073000,-0.623500323
3.074000,-0.671379434
3.075000,-0.635229762
3.076000,-0.684084067
3.077000,-0.605969785
3.078000,-0.612856614
3.079000,-0.576902144
3.080000,-0.511233210
3.081000,-0.543244043
3.082000,-0.541832573
3.083000,-0.436349494
3.084000,-0.377549663
3.085000,-0.390022858
3.086000,-0.314535742
3.087000,-0.272516569
3.088000,-0.223587643
3.089000,-0.210292443
3.090000,-0.085712515
3.091000,-0.154849626
3.092000,-0.131357444
3.093000,-0.150967793
3.094000,-0.225371976
3.095000,-0.124961412
3.096000,-0.292305723
3.097000,-0.199022359
3.098000,-0.332170091
3.099000,-0.396286775
3.100000,-0.431242413
3.101000,-0.443057268
3.102000,-0.587624706
3.103000,-0.697162335
3.104000,-0.813035162
3.105000,-0.871706613
3.106000,-1.004358743
3.107000,-1.072737818
3.108000,-1.250830661
3.109000,-1.268718202
3.110000,-1.360559317
3.111000,-1.487385352
3.112000,-1.543153741
3.113000,-1.569604153
3.114000,-1.618659101
3.115000,-1.618773750
3.116000,-1.677336433
3.117000,-1.650194428
3.118000,-1.531535110
3.119000,-1.573139214
3.120000,-1.495148494
3.121000,-1.404025089
3.122000,-1.305824686
3.123000,-1.143276716
3.124000,-1.063040853
3.125000,-0.872377733
3.126000,-0.763212266
3.127000,-0.543076974
3.128000,-0.392613003
3.129000,-0.204703792
3.130000,-0.010995704
3.131000,0.201360708
3.132000,0.341948034
3.133000,0.538895852
3.134000,0.814441756
3.135000,0.946680119
3.136000,1.089574864
3.137000,1.277404705
3.138000,1.401162315
3.139000,1.465808318
3.140000,1.652850375
3.141000,1.742265448
3.142000,1.836805888
3.143000,1.865527848
3.144000,1.926434282
3.145000,1.993524498
3.146000,1.963251754
3.147000,1.946358337
3.148000,1.945437519
3.149000,1.882825588
3.150000,1.873051666
3.151000,1.769809488
3.152000,1.709237624
3.153000,1.591470155
3.154000,1.482153621
3.155000,1.442699327
3.156000,1.326850908
3.157000,1.234085268
3.158000,1.132823835
3.159000,0.963784993
3.160000,0.911431316
3.161000,0.751775372
3.162000,0.736905231
3.163000,0.604323829
3.164000,0.573399338
3.165000,0.511076976
3.166000,0.410758141
3.167000,0.371699979
3.168000,0.362187197
3.169000,0.236378371
3.170000,0.272625273
3.171000,0.230360944
3.172000,0.234108121
3.173000,0.139394703
3.174000,0.175763506
3.175000,0.197833218
3.176000,0.195772611
3.177000,0.122348386
3.178000,0.126534554
3.179000,0.177711690
3.180000,0.064551746
3.181000,0.086763690
3.182000,0.070079616
3.183000,0.041724742
3.184000,-0.025097352
3.185000,-0.007139655
3.186000,-0.053886687
3.187000,-0.075817012
3.188000,-0.208781826
3.189000,-0.258538226
3.190000,-0.273994918
3.191000,-0.318109890
3.192000,-0.440451141
3.193000,-0.554408239
3.194000,-0.583146875
3.195000,-0.614296718
3.196000,-0.686716588
3.197000,-0.733517285
3.198000,-0.763840708
3.199000,-0.882924978
3.200000,-0.938200302
3.201000,-0.980005591
3.202000,-0.971475507
3.203000,-0.951498380
3.204000,-0.934528902
3.205000,-0.973831169
3.206000,-0.963767122
3.207000,-0.941976267
3.208000,-0.865358582
3.209000,-0.880173896
3.210000,-0.807451353
3.211000,-0.746451635
3.212000,-0.678787363
3.213000,-0.552912353
3.214000,-0.559898175
3.215000,-0.383799323
3.216000,-0.401381783
3.217000,-0.332188737
3.218000,-0.256474826
3.219000,-0.151084926
3.220000,-0.111219973
3.221000,-0.025189541
3.222000,-0.040632298
3.223000,-0.033407385
3.224000,0.027246454
3.225000,0.056507168
3.226000,0.001427763
3.227000,0.027158360
3.228000,0.018697872
3.229000,-0.061571569
3.230000,-0.113834368
3.231000,-0.184661353
3.232000,-0.228712438
3.233000,-0.291969156
3.234000,-0.311658485
3.235000,-0.453077696
3.236000,-0.623550190
3.237000,-0.731256126
3.238000,-0.787687980
3.239000,-0.834158182
3.240000,-0.954178206
3.241000,-1.075876081
3.242000,-1.107780420
3.243000,-1.164015125
3.244000,-1.216986254
3.245000,-1.334768105
3.246000,-1.316666886
3.247000,-1.379188758
3.248000,-1.358959403
3.249000,-1.349673907
3.250000,-1.277858577
3.251000,-1.253907476
3.252000,-1.110824349
3.253000,-1.040672018
3.254000,-0.956303373
3.255000,-0.790832760
3.256000,-0.620832914
3.257000,-0.505688279
3.258000,-0.372592092
3.259000,-0.194340502
3.260000,-0.013508576
3.261000,0.147985421
3.262000,0.298806430
3.263000,0.519353446
3.264000,0.745694541
3.265000,0.856242943
3.266000,0.988622831
3.267000,1.200180354
3.268000,1.381252237
3.269000,1.429199535
3.270000,1.605242009
3.271000,1.715339041
3.272000,1.806418971
3.273000,1.877548924
3.274000,1.932422428
3.275000,1.902708765
3.276000,1.987619520
3.277000,2.012650764
3.278000,1.950799923
3.279000,1.939539041
3.280000,1.854823443
3.281000,1.868384694
3.282000,1.743378792
3.283000,1.734177650
3.284000,1.587801906
3.285000,1.527449961
3.286000,1.394121893
3.287000,1.366217277
3.288000,1.148844494
3.289000,1.117104079
3.290000,0.942967206
3.291000,0.871125469
3.292000,0.869662909
3.293000,0.750442734
3.294000,0.578608653
3.295000,0.560451269
3.296000,0.470091809
3.297000,0.440323109
3.298000,0.419743913
3.299000,0.331075187
3.300000,0.277542941
3.301000,0.238044504
3.302000,0.152882607
3.303000,0.173288102
3.304000,0.149324404
3.305000,0.074640279
3.306000,0.045948255
3.307000,0.080835834
3.308000,0.014663301
3.309000,-0.056643171
3.310000,-0.068948810
3.311000,-0.107159343
3.312000,-0.136668009
3.313000,-0.182742779
3.314000,-0.238674589
3.315000,-0.236522141
3.316000,-0.322147659
3.317000,-0.367574966
3.318000,-0.531986579
3.319000,-0.550416887
3.320000,-0.593859658
3.321000,-0.684519484
3.322000,-0.804619517
3.323000,-0.884499308
3.324000,-0.908990447
3.325000,-1.017238607
3.326000,-1.060276260
3.327000,-1.138373861
3.328000,-1.203165349
3.329000,-1.244602199
3.330000,-1.312598280
3.331000,-1.266103177
3.332000,-1.319228690
3.333000,-1.300681794
3.334000,-1.353516244
3.335000,-1.336571837
3.336000,-1.300351586
3.337000,-1.274936107
3.338000,-1.175374560
3.339000,-1.109938341
3.340000,-1.072130767
3.341000,-0.982649951
3.342000,-0.870245760
3.343000,-0.806194505
3.344000,-0.693130829
3.345000,-0.528118745
3.346000,-0.490032358
3.347000,-0.376282598
3.348000,-0.181057847
3.349000,-0.219509790
3.350000,-0.096628407
3.351000,0.079911770
3.352000,0.091717131
3.353000,0.186539286
3.354000,0.290999295
3.355000,0.249093780
3.356000,0.282624125
3.357000,0.328516397
3.358000,0.315554401
3.359000,0.289555809
3.360000,0.274916552
3.361000,0.199394718
3.362000,0.201077551
3.363000,0.148638972
3.364000,0.045208514
3.365000,-0.038736362
3.366000,-0.104443054
3.367000,-0.230885061
3.368000,-0.320777852
3.369000,-0.411279890
3.370000,-0.461556561
3.371000,-0.600357510
3.372000,-0.690053673
3.373000,-0.771917192
3.374000,-0.849551167
3.375000,-0.926973174
3.376000,-0.972960457
3.377000,-0.952949734
3.378000,-1.014091993
3.379000,-0.996522304
3.380000,-0.999273587
3.381000,-0.993622168
3.382000,-0.919612004
3.383000,-0.799001978
3.384000,-0.772501994
3.385000,-0.684258388
3.386000,-0.566550888
3.387000,-0.440684040
3.388000,-0.289458821
3.389000,-0.164816185
3.390000,-0.003932776
3.391000,0.141319083
3.392000,0.327301437
3.393000,0.487762697
3.394000,0.645772989
3.395000,0.816421370
3.396000,0.947386842
3.397000,1.132646671
3.398000,1.247255326
3.399000,1.404358589
3.400000,1.471746258
3.401000,1.583407921
3.402000,1.641543544
3.403000,1.734113796
3.404000,1.814161724
3.405000,1.818700013
3.406000,1.898528574
3.407000,1.862923894
3.408000,1.902809346
3.409000,1.802482530
3.410000,1.790652237
3.411000,1.736545081
3.412000,1.722940290
3.413000,1.643143508
3.414000,1.544379996
3.415000,1.448843614
3.416000,1.372158782
3.417000,1.301292280
3.418000,1.208868542
3.419000,1.085339481
3.420000,0.977481237
3.421000,0.899378095
3.422000,0.808353708
3.423000,0.723866853
3.424000,0.618899479
3.425000,0.605887713
3.426000,0.461300326
3.427000,0.457523687
3.428000,0.391424670
3.429000,0.320777485
3.430000,0.296255499
3.431000,0.208782317
3.432000,0.138435767
3.433000,0.091070460
3.434000,0.047610569
3.435000,0.055096694
3.436000,-0.051885308
3.437000,-0.088189289
3.438000,-0.039106120
3.439000,-0.096612517
3.440000,-0.159607780
3.441000,-0.193152167
3.442000,-0.250741502
3.443000,-0.337374798
3.444000,-0.438521374
3.445000,-0.423597472
3.446000,-0.521123458
3.447000,-0.652678038
3.448000,-0.687956339
3.449000,-0.790383387
3.450000,-0.866286724
3.451000,-0.960570032
3.452000,-1.022360766
3.453000,-1.132326306
3.454000,-1.245574262
3.455000,-1.271868873
3.456000,-1.353479330
3.457000,-1.480263922
3.458000,-1.486714080
3.459000,-1.524600855
3.460000,-1.597571911
3.461000,-1.617567910
3.462000,-1.663826143
3.463000,-1.697834588
3.464000,-1.620293705
3.465000,-1.615041066
3.466000,-1.561702799
3.467000,-1.529682086
3.468000,-1.464733723
3.469000,-1.373193236
3.470000,-1.288811195
3.471000,-1.158565340
3.472000,-1.084998617
3.473000,-0.994912608
3.474000,-0.819777963
3.475000,-0.730730507
3.476000,-0.632097631
3.477000,-0.452309724
3.478000,-0.296787870
3.479000,-0.174642632
3.480000,-0.068887867
3.481000,0.091652653
3.482000,0.247469872
3.483000,0.338189461
3.484000,0.404149513
3.485000,0.509116416
3.486000,0.531785003
3.487000,0.567182587
3.488000,0.647237595
3.489000,0.611954584
3.490000,0.656421989
3.491000,0.632242080
3.492000,0.594000474
3.493000,0.549131229
3.494000,0.542213659
3.495000,0.394223871
3.496000,0.373926510
3.497000,0.273038085
3.498000,0.169070791
3.499000,0.097887906
3.500000,0.009474099
3.501000,-0.098517932
3.502000,-0.183962292
3.503000,-0.239249940
3.504000,-0.383883492
3.505000,-0.429366308
3.506000,-0.560255019
3.507000,-0.549164396
3.508000,-0.660891107
3.509000,-0.614071369
3.510000,-0.660656891
3.511000,-0.639538005
3.512000,-0.670548331
3.513000,-0.592921800
3.514000,-0.520276412
3.515000,-0.462887387
3.516000,-0.404419937
3.517000,-0.313501110
3.518000,-0.176612768
3.519000,-0.076312304
3.520000,0.004044935
3.521000,0.133369394
3.522000,0.263234227
3.523000,0.418336854
3.524000,0.521258336
3.525000,0.626883254
3.526000,0.817552136
3.527000,0.959167146
3.528000,1.077874694
3.529000,1.217103423
3.530000,1.248136452
3.531000,1.362667413
3.532000,1.413650251
3.533000,1.530013606
3.534000,1.571453391
3.535000,1.597979766
3.536000,1.637191886
3.537000,1.624125801
3.538000,1.610235383
3.539000,1.670613510
3.540000,1.617307318
3.541000,1.545704738
3.542000,1.452744690
3.543000,1.431061699
3.544000,1.385280883
3.545000,1.297155684
3.546000,1.241199948
3.547000,1.162880203
3.548000,1.036360576
3.549000,0.936688386
3.550000,0.847994109
3.551000,0.763917514
3.552000,0.719361716
3.553000,0.598667076
3.554000,0.484085969
3.555000,0.476039158
3.556000,0.391494299
3.557000,0.317753040
3.558000,0.215065060
3.559000,0.255954231
3.560000,0.192928224
3.561000,0.092892491
3.562000,0.089633624
3.563000,0.013006669
3.564000,-0.033350860
3.565000,-0.092937470
3.566000,-0.044362847
3.567000,-0.080365121
3.568000,-0.157231546
3.569000,-0.193902422
3.570000,-0.187385550
3.571000,-0.315025957
3.572000,-0.385157347
3.573000,-0.408323231
3.574000,-0.463679138
3.575000,-0.562580091
3.576000,-0.675286882
3.577000,-0.739307054
3.578000,-0.783925388
3.579000,-0.874873491
3.580000,-1.041014268
3.581000,-1.123806191
3.582000,-1.213350836
3.583000,-1.280318096
3.584000,-1.306759353
3.585000,-1.471092199
3.586000,-1.544809272
3.587000,-1.647794776
3.588000,-1.615061893
3.589000,-1.769493561
3.590000,-1.814310547
3.591000,-1.829260074
3.592000,-1.895044982
3.593000,-1.837890771
3.594000,-1.854013201
3.595000,-1.854946543
3.596000,-1.807495136
3.597000,-1.790466048
3.598000,-1.678675619
3.599000,-1.643482866
3.600000,-1.487651512
3.601000,-1.374590744
3.602000,-1.250938966
3.603000,-1.113743811
3.604000,-0.975623697
3.605000,-0.760406588
3.606000,-0.596245517
3.607000,-0.483511741
3.608000,-0.282266226
3.609000,-0.165241565
3.610000,-0.008068125
3.611000,0.127603322
3.612000,0.317238123
3.613000,0.449186876
3.614000,0.515000408
3.615000,0.668766531
3.616000,0.744553811
3.617000,0.813852527
3.618000,0.904898529
3.619000,0.896219565
3.620000,0.971967314
3.621000,1.055978328
3.622000,1.010089042
3.623000,0.944692967
3.624000,0.961988184
3.625000,0.900684079
3.626000,0.828412997
3.627000,0.749419739
3.628000,0.686662502
3.629000,0.581108975
3.630000,0.500520967
3.631000,0.431414938
3.632000,0.336005362
3.633000,0.175844057
3.634000,0.106854857
3.635000,0.080229281
3.636000,0.003844273
3.637000,-0.112511113
3.638000,-0.138818617
3.639000,-0.202992962
3.640000,-0.282875921
3.641000,-0.365192477
3.642000,-0.319664220
3.643000,-0.354658407
3.644000,-0.296278078
3.645000,-0.218218994
3.646000,-0.219948435
3.647000,-0.195099372
3.648000,-0.139083586
3.649000,-0.084881292
3.650000,0.003916455
3.651000,0.204521627
3.652000,0.281878486
3.653000,0.356846778
3.654000,0.463046032
3.655000,0.573374276
3.656000,0.680499053
3.657000,0.825380324
3.658000,0.893247532
3.659000,0.913586862
3.660000,1.088556679
3.661000,1.073419070
3.662000,1.183533350
3.663000,1.207506523
3.664000,1.291985036
3.665000,1.282641588
3.666000,1.296306669
3.667000,1.311265998
3.668000,1.360088443
3.669000,1.311566913
3.670000,1.307725895
3.671000,1.289025570
3.672000,1.206786497
3.673000,1.160175381
3.674000,1.050640727
3.675000,1.008326348
3.676000,0.903325684
3.677000,0.878434991
3.678000,0.811425689
3.679000,0.735256904
3.680000,0.628256009
3.681000,0.580614726
3.682000,0.476787053
3.683000,0.395220363
3.684000,0.362177738
3.685000,0.308518990
3.686000,0.297306156
3.687000,0.202435303
3.688000,0.101704503
3.689000,0.064090359
3.690000,0.017175020
3.691000,0.024844839
3.692000,-0.041380150
3.693000,0.003533427
3.694000,-0.073967996
3.695000,-0.073758336
3.696000,-0.117140708
3.697000,-0.141939440
3.698000,-0.216753186
3.699000,-0.223807926
3.700000,-0.277324398
3.701000,-0.314496915
3.702000,-0.360491028
3.703000,-0.402785012
3.704000,-0.502648594
3.705000,-0.535924029
3.706000,-0.629047871
3.707000,-0.674039128
3.708000,-0.912280977
3.709000,-0.926549147
3.710000,-0.967593316
3.711000,-1.181661942
3.712000,-1.163469450
3.713000,-1.307418485
3.714000,-1.471391336
3.715000,-1.485349277
3.716000,-1.630777388
3.717000,-1.712077439
3.718000,-1.717990832
3.719000,-1.840902242
3.720000,-1.914036557
3.721000,-1.868157615
3.722000,-1.929577292
3.723000,-1.981362425
3.724000,-1.992822231
3.725000,-1.956345783
3.726000,-1.866859517
3.727000,-1.890311257
3.728000,-1.828529625
3.729000,-1.664759170
3.730000,-1.608004565
3.731000,-1.477858696
3.732000,-1.332421666
3.733000,-1.214546028
3.734000,-1.119255340
3.735000,-0.887425214
3.736000,-0.671181530
3.737000,-0.465534954
3.738000,-0.353694382
3.739000,-0.169891557
3.740000,0.051348956
3.741000,0.203695930
3.742000,0.363944780
3.743000,0.456675887
3.744000,0.654264792
3.745000,0.811838480
3.746000,0.884948241
3.747000,1.029320854
3.748000,1.185327528
3.749000,1.203112663
3.750000,1.226969179
3.751000,1.254702756
3.752000,1.334456892
3.753000,1.323421775
3.754000,1.303733965
3.755000,1.309600960
3.756000,1.269382621
3.757000,1.210573091
3.758000,1.148344324
3.759000,1.023186557
3.760000,0.954677277
3.761000,0.871532980
3.762000,0.782764903
3.763000,0.714839405
3.764000,0.563853236
3.765000,0.464706945
3.766000,0.438706680
3.767000,0.310412453
3.768000,0.182467612
3.769000,0.142476952
3.770000,0.052029273
3.771000,0.003262917
3.772000,-0.042658305
3.773000,-0.054233009
3.774000,0.016271111
3.775000,-0.017799534
3.776000,0.003075635
3.777000,0.015839219
3.778000,0.011875920
3.779000,0.070929318
3.780000,0.113882130
3.781000,0.138504561
3.782000,0.201775781
3.783000,0.334584586
3.784000,0.345170841
3.785000,0.463485310
3.786000,0.552702088
3.787000,0.629740981
3.788000,0.689050488
3.789000,0.708108069
3.790000,0.820515408
3.791000,0.853165756
3.792000,0.872823671
3.793000,0.878327085
3.794000,0.977745319
3.795000,0.933820992
3.796000,0.935124509
3.797000,1.034508221
3.798000,0.931750888
3.799000,0.931325018
3.800000,0.913220956
3.801000,0.872091995
3.802000,0.791009264
3.803000,0.745655900
3.804000,0.731229238
3.805000,0.634874607
3.806000,0.575970046
3.807000,0.443689372
3.808000,0.422941006
3.809000,0.398292118
3.810000,0.285016644
3.811000,0.215541501
3.812000,0.196239894
3.813000,0.148260922
3.814000,0.090554894
3.815000,0.019082791
3.816000,0.019558727
3.817000,0.012392223
3.818000,-0.029657905
3.819000,-0.135036118
3.820000,-0.019261295
3.821000,-0.162237390
3.822000,-0.171698110
3.823000,-0.136294172
3.824000,-0.157828488
3.825000,-0.153866815
3.826000,-0.136308147
3.827000,-0.161036064
3.828000,-0.232468103
3.829000,-0.224647626
3.830000,-0.222980024
3.831000,-0.254407945
3.832000,-0.291784095
3.833000,-0.347867888
3.834000,-0.405705053
3.835000,-0.504703806
3.836000,-0.598925473
3.837000,-0.624220857
3.838000,-0.734945273
3.839000,-0.774614501
3.840000,-0.934014550
3.841000,-1.019298497
3.842000,-1.123566359
3.843000,-1.185952898
3.844000,-1.296447753
3.845000,-1.420435468
3.846000,-1.510826999
3.847000,-1.564151072
3.848000,-1.751216382
3.849000,-1.752603548
3.850000,-1.808616591
3.851000,-1.858222357
3.852000,-1.910410895
3.853000,-1.982444647
3.854000,-1.983948295
3.855000,-1.939395375
3.856000,-1.950726762
3.857000,-1.894719928
3.858000,-1.871489333
3.859000,-1.781695047
3.860000,-1.637610725
3.861000,-1.546130530
3.862000,-1.425728911
3.863000,-1.263776237
3.864000,-1.091359585
3.865000,-0.939322836
3.866000,-0.748147625
3.867000,-0.565354969
3.868000,-0.385296983
3.869000,-0.185193818
3.870000,-0.018280875
3.871000,0.184413100
3.872000,0.331078507
3.873000,0.531276450
3.874000,0.701937158
3.875000,0.886059104
3.876000,1.079785386
3.877000,1.179212717
3.878000,1.301983999
3.879000,1.370439490
3.880000,1.490978626
3.881000,1.598741199
3.882000,1.592338056
3.883000,1.598915483
3.884000,1.599319835
3.885000,1.635361641
3.886000,1.575824589
3.887000,1.586584494
3.888000,1.481805188
3.889000,1.396895116
3.890000,1.384497646
3.891000,1.245760368
3.892000,1.210110391
3.893000,1.125274772
3.894000,0.975471653
3.895000,0.897477449
3.896000,0.831767926
3.897000,0.677479676
3.898000,0.645166409
3.899000,0.499077637
3.900000,0.399844150
3.901000,0.358445451
3.902000,0.299281082
3.903000,0.273757837
3.904000,0.224194169
3.905000,0.177474238
3.906000,0.165764300
3.907000,0.141851615
3.908000,0.160716340
3.909000,0.131415017
3.910000,0.133178442
3.911000,0.198084294
3.912000,0.305096939
3.913000,0.286331061
3.914000,0.282481512
3.915000,0.388953887
3.916000,0.335683921
3.917000,0.427941683
3.918000,0.489318150
3.919000,0.495808857
3.920000,0.532307311
3.921000,0.573610190
3.922000,0.584549329
3.923000,0.592208623
3.924000,0.590351766
3.925000,0.575095247
3.926000,0.583632227
3.927000,0.592050323
3.928000,0.599736096
3.929000,0.516485187
3.930000,0.459864708
3.931000,0.497943415
3.932000,0.363669802
3.933000,0.344616682
3.934000,0.254211878
3.935000,0.199122438
3.936000,0.169717793
3.937000,0.109613535
3.938000,0.072950580
3.939000,-0.003591809
3.940000,-0.074007796
3.941000,-0.110456296
3.942000,-0.205478501
3.943000,-0.177819572
3.944000,-0.231444980
3.945000,-0.259465171
3.946000,-0.276286604
3.947000,-0.352159543
3.948000,-0.349039114
3.949000,-0.312498446
3.950000,-0.308396495
3.951000,-0.287400649
3.952000,-0.289929392
3.953000,-0.284761460
3.954000,-0.226367030
3.955000,-0.238480219
3.956000,-0.212680817
3.957000,-0.187845057
3.958000,-0.178146515
3.959000,-0.203822129
3.960000,-0.194883805
3.961000,-0.218976021
3.962000,-0.212909124
3.963000,-0.203292423
3.964000,-0.338661673
3.965000,-0.374752047
3.966000,-0.358821444
3.967000,-0.464044598
3.968000,-0.554553008
3.969000,-0.642603774
3.970000,-0.681019011
3.971000,-0.785858058
3.972000,-0.840857541
3.973000,-1.005691440
3.974000,-1.079614565
3.975000,-1.160861929
3.976000,-1.355596982
3.977000,-1.442677743
3.978000,-1.495909936
3.979000,-1.606780207
3.980000,-1.678512541
3.981000,-1.750898177
3.982000,-1.787990431
3.983000,-1.848930441
3.984000,-1.882912796
3.985000,-1.839021706
3.986000,-1.835364010
3.987000,-1.780136971
3.988000,-1.745763226
3.989000,-1.682092586
3.990000,-1.587322267
3.991000,-1.534689483
3.992000,-1.402583825
3.993000,-1.243912958
3.994000,-1.074133949
3.995000,-0.919887926
3.996000,-0.771635880
3.997000,-0.587734982
3.998000,-0.384540994
3.999000,-0.231899764
4.000000,0.025456843
4.001000,0.220376977
4.002000,0.419908110
4.003000,0.611949368
4.004000,0.795213160
4.005000,0.882762859
4.006000,1.108938504
4.007000,1.209262956
4.008000,1.359049312
4.009000,1.503259564
4.010000,1.645400424
4.011000,1.704745801
4.012000,1.768364744
4.013000,1.863071775
4.014000,1.846339400
4.015000,1.822085358
4.016000,1.802704188
4.017000,1.795621776
4.018000,1.786909697
4.019000,1.684851090
4.020000,1.679015287
4.021000,1.598870043
4.022000,1.482452131
4.023000,1.414199916
4.024000,1.328074023
4.025000,1.191520458
4.026000,1.128646035
4.027000,0.981454076
4.028000,0.918715467
4.029000,0.846398070
4.030000,0.718803402
4.031000,0.583575934
4.032000,0.544317278
4.033000,0.472060220
4.034000,0.380495619
4.035000,0.314385210
4.036000,0.295866046
4.037000,0.297761812
4.038000,0.269621403
4.039000,0.262952795
4.040000,0.215311641
4.041000,0.272291266
4.042000,0.190680771
4.043000,0.236925692
4.044000,0.227832540
4.045000,0.293709449
4.046000,0.265068146
4.047000,0.248263553
4.048000,0.300382006
4.049000,0.270991882
4.050000,0.286577164
4.051000,0.344257826
4.052000,0.314411821
4.053000,0.333435941
4.054000,0.268032377
4.055000,0.313062516
4.056000,0.242165312
4.057000,0.155414113
4.058000,0.147699916
4.059000,0.087269805
4.060000,0.034714299
4.061000,0.038969502
4.062000,-0.023850478
4.063000,-0.078054496
4.064000,-0.180239379
4.065000,-0.204738869
4.066000,-0.326345470
4.067000,-0.356265595
4.068000,-0.402730295
4.069000,-0.466889493
4.070000,-0.493201709
4.071000,-0.537069289
4.072000,-0.555411438
4.073000,-0.585991245
4.074000,-0.583966130
4.075000,-0.636304234
4.076000,-0.603332925
4.077000,-0.607408710
4.078000,-0.593531700
4.079000,-0.574698604
4.080000,-0.614827286
4.081000,-0.458481468
4.082000,-0.504854974
4.083000,-0.459392039
4.084000,-0.401287509
4.085000,-0.386436643
4.086000,-0.251105469
4.087000,-0.280691672
4.088000,-0.244936697
4.089000,-0.216717924
4.090000,-0.152505229
4.091000,-0.105101004
4.092000,-0.128770658
4.093000,-0.159650940
4.094000,-0.106395366
4.095000,-0.157881595
4.096000,-0.219274277
4.097000,-0.241887413
4.098000,-0.288587118
4.099000,-0.348406847
4.100000,-0.427926925
4.101000,-0.508216855
4.102000,-0.541328588
4.103000,-0.606413326
4.104000,-0.784812746
4.105000,-0.918744679
4.106000,-1.024762958
4.107000,-1.069758011
4.108000,-1.240648267
4.109000,-1.290025625
4.110000,-1.358250733
4.111000,-1.441128467
4.112000,-1.524314422
4.113000,-1.510049747
4.114000,-1.580176199
4.115000,-1.641599820
4.116000,-1.610798319
4.117000,-1.629175965
4.118000,-1.610443054
4.119000,-1.560095385
4.120000,-1.446889660
4.121000,-1.415484343
4.122000,-1.299609178
4.123000,-1.148882355
4.124000,-1.036752384
4.125000,-0.890813373
4.126000,-0.757507977
4.127000,-0.496343751
4.128000,-0.361641787
4.129000,-0.270517435
4.130000,0.030788391
4.131000,0.146271214
4.132000,0.336590848
4.133000,0.547071321
4.134000,0.791060686
4.135000,0.923312806
4.136000,1.106719951
4.137000,1.208041813
4.138000,1.435231384
4.139000,1.525333390
4.140000,1.609331787
4.141000,1.755666269
4.142000,1.841028014
4.143000,1.891320356
4.144000,1.971790504
4.145000,1.976769634
4.146000,2.012843696
4.147000,1.957583612
4.148000,1.937772612
4.149000,1.920575944
4.150000,1.875775336
4.151000,1.765051556
4.152000,1.754911635
4.153000,1.616054589
4.154000,1.519732673
4.155000,1.434375302
4.156000,1.293319674
4.157000,1.165582025
4.158000,1.172396332
4.159000,1.039790602
4.160000,0.880119216
4.161000,0.816062835
4.162000,0.740030202
4.163000,0.622253857
4.164000,0.602373830
4.165000,0.474462960
4.166000,0.456714062
4.167000,0.353478498
4.168000,0.340732894
4.169000,0.332491117
4.170000,0.267549117
4.171000,0.212167194
4.172000,0.212313757
4.173000,0.210697115
4.174000,0.162815824
4.175000,0.152859574
4.176000,0.207857931
4.177000,0.187334766
4.178000,0.115022780
4.179000,0.082919957
4.180000,0.068643492
4.181000,0.054692571
4.182000,0.056238173
4.183000,0.034205331
4.184000,-0.038582676
4.185000,-0.031435817
4.186000,-0.167638968
4.187000,-0.126106272
4.188000,-0.136758063
4.189000,-0.280540689
4.190000,-0.393283081
4.191000,-0.367573274
4.192000,-0.419131688
4.193000,-0.520819961
4.194000,-0.569802449
4.195000,-0.604506005
4.196000,-0.656378583
4.197000,-0.748965191
4.198000,-0.858668516
4.199000,-0.864902948
4.200000,-0.941075757
4.201000,-0.944391094
4.202000,-0.975033834
4.203000,-0.999199364
4.204000,-0.940409632
4.205000,-0.987224389
4.206000,-1.008637713
4.207000,-0.926603369
4.208000,-0.881566965
4.209000,-0.855782219
4.210000,-0.827549327
4.211000,-0.757101833
4.212000,-0.695636978
4.213000,-0.622299201
4.214000,-0.554192533
4.215000,-0.464088711
4.216000,-0.422396721
4.217000,-0.300170861
4.218000,-0.260119533
4.219000,-0.144233984
4.220000,-0.099359997
4.221000,-0.013653009
4.222000,-0.056850852
4.223000,0.059125265
4.224000,0.034877384
4.225000,0.066681099
4.226000,0.072212984
4.227000,0.059189287
4.228000,0.004478130
4.229000,-0.023734594
4.230000,-0.091865526
4.231000,-0.129976935
4.232000,-0.251162086
4.233000,-0.293522439
4.234000,-0.347903247
4.235000,-0.427840484
4.236000,-0.553656294
4.237000,-0.641311527
4.238000,-0.768671374
4.239000,-0.849703422
4.240000,-0.915541150
4.241000,-1.061684020
4.242000,-1.185461944
4.243000,-1.210445039
4.244000,-1.255259053
4.245000,-1.327493540
4.246000,-1.365725174
4.247000,-1.355542981
4.248000,-1.371695765
4.249000,-1.283935916
4.250000,-1.218859690
4.251000,-1.190565758
4.252000,-1.175909777
4.253000,-1.034090064
4.254000,-0.956118005
4.255000,-0.797003731
4.256000,-0.691449522
4.257000,-0.486564364
4.258000,-0.334012560
4.259000,-0.195442869
4.260000,0.004749029
4.261000,0.170927417
4.262000,0.401981169
4.263000,0.473661246
4.264000,0.720799701
4.265000,0.918350346
4.266000,1.035529180
4.267000,1.187871110
4.268000,1.353487044
4.269000,1.453280341
4.270000,1.583443366
4.271000,1.672270019
4.272000,1.784987438
4.273000,1.798076799
4.274000,1.896095050
4.275000,1.966980712
4.276000,1.957781518
4.277000,1.958968444
4.278000,1.984418520
4.279000,1.975730287
4.280000,1.863139059
4.281000,1.865443659
4.282000,1.709415505
4.283000,1.659318377
4.284000,1.615274042
4.285000,1.514847253
4.286000,1.413697732
4.287000,1.335830395
4.288000,1.201926934
4.289000,1.128899660
4.290000,0.990681205
4.291000,0.888444096
4.292000,0.756655995
4.293000,0.743492880
4.294000,0.612890346
4.295000,0.590858118
4.296000,0.518972447
4.297000,0.416563511
4.298000,0.366849239
4.299000,0.317392863
4.300000,0.258352081
4.301000,0.179045312
4.302000,0.229030243
4.303000,0.135219449
4.304000,0.137575622
4.305000,0.101751735
4.306000,0.073912573
4.307000,0.043904502
4.308000,0.035752094
4.309000,-0.048645537
4.310000,-0.026464089
4.311000,-0.088457924
4.312000,-0.133555742
4.313000,-0.193014249
4.314000,-0.232558478
4.315000,-0.269365462
4.316000,-0.382274598
4.317000,-0.463682035
4.318000,-0.489390154
4.319000,-0.532688311
4.320000,-0.638074283
4.321000,-0.665146344
4.322000,-0.745358320
4.323000,-0.819745043
4.324000,-0.894222300
4.325000,-1.002956662
4.326000,-1.062716935
4.327000,-1.163535158
4.328000,-1.280201350
4.329000,-1.236054843
4.330000,-1.310862321
4.331000,-1.323173783
4.332000,-1.410236340
4.333000,-1.315735767
4.334000,-1.343692812
4.335000,-1.338078237
4.336000,-1.325421947
4.337000,-1.273466564
4.338000,-1.221126148
4.339000,-1.160444699
4.340000,-1.099127764
4.341000,-0.979354206
4.342000,-0.891687997
4.343000,-0.757835425
4.344000,-0.733396070
4.345000,-0.588307925
4.346000,-0.494375604
4.347000,-0.350550510
4.348000,-0.257771231
4.349000,-0.130247933
4.350000,-0.005951752
4.351000,0.026024696
4.352000,0.119903439
4.353000,0.149055535
4.354000,0.223604675
4.355000,0.271350603
4.356000,0.364535146
4.357000,0.282005990
4.358000,0.313807437
4.359000,0.305887164
4.360000,0.256286366
4.361000,0.249811866
4.362000,0.187531049
4.363000,0.127190045
4.364000,0.028386781
4.365000,-0.009984316
4.366000,-0.148820123
4.367000,-0.225902349
4.368000,-0.286113237
4.369000,-0.367293293
4.370000,-0.528223827
4.371000,-0.580195543
4.372000,-0.689201870
4.373000,-0.735673142
4.374000,-0.834693496
4.375000,-0.847114009
4.376000,-0.899408705
4.377000,-1.007957500
4.378000,-1.006822445
4.379000,-1.021807886
4.380000,-0.987409961
4.381000,-1.008302515
4.382000,-0.955879965
4.383000,-0.810316112
4.384000,-0.749842344
4.385000,-0.641362686
4.386000,-0.580854992
4.387000,-0.462177888
4.388000,-0.302121055
4.389000,-0.110981509
4.390000,0.001257376
4.391000,0.161536311
4.392000,0.351909697
4.393000,0.489815174
4.394000,0.644881525
4.395000,0.810249411
4.396000,0.944643737
4.397000,1.143459876
4.398000,1.230138726
4.399000,1.338107873
4.400000,1.494585740
4.401000,1.603644364
4.402000,1.647856363
4.403000,1.755364458
4.404000,1.821917005
4.405000,1.729113184
4.406000,1.802023043
4.407000,1.874168904
4.408000,1.827397320
4.409000,1.884539582
4.410000,1.808679941
4.411000,1.748387725
4.412000,1.694474295
4.413000,1.612484110
4.414000,1.527415807
4.415000,1.466172543
4.416000,1.403051519
4.417000,1.233142543
4.418000,1.191019871
4.419000,1.073639594
4.420000,0.993476181
4.421000,0.873762377
4.422000,0.808790800
4.423000,0.684125570
4.424000,0.631895609
4.425000,0.545864463
4.426000,0.430206398
4.427000,0.424697634
4.428000,0.265259043
4.429000,0.281093521
4.430000,0.195315979
4.431000,0.199817458
4.432000,0.137854861
4.433000,0.131271441
4.434000,0.061679671
4.435000,0.023587249
4.436000,0.026150762
4.437000,-0.059463223
4.438000,-0.085971154
4.439000,-0.084211176
4.440000,-0.152180539
4.441000,-0.161366105
4.442000,-0.260198427
4.443000,-0.347657993
4.444000,-0.362240755
4.445000,-0.434420038
4.446000,-0.542702952
4.447000,-0.595188374
4.448000,-0.694697827
4.449000,-0.761379527
4.450000,-0.861847572
4.451000,-0.954628192
4.452000,-0.988233775
4.453000,-1.112387151
4.454000,-1.250841384
4.455000,-1.285806697
4.456000,-1.377028239
4.457000,-1.428099990
4.458000,-1.491790145
4.459000,-1.540242159
4.460000,-1.643949096
4.461000,-1.670235564
4.462000,-1.598878523
4.463000,-1.646131642
4.464000,-1.595805604
4.465000,-1.596576314
4.466000,-1.590583830
4.467000,-1.573294449
4.468000,-1.441564596
4.469000,-1.362543123
4.470000,-1.234376155
4.471000,-1.190629243
4.472000,-1.069997986
4.473000,-1.005822737
4.474000,-0.842307384
4.475000,-0.684256065
4.476000,-0.566602286
4.477000,-0.445624985
4.478000,-0.241097621
4.479000,-0.102683879
4.480000,-0.054832266
4.481000,0.101359743
4.482000,0.198121080
4.483000,0.357851500
4.484000,0.411026064
4.485000,0.499401274
4.486000,0.516945755
4.487000,0.633467441
4.488000,0.617915225
4.489000,0.700349613
4.490000,0.679175316
4.491000,0.613483448
4.492000,0.620690465
4.493000,0.570175660
4.494000,0.501458113
4.495000,0.464400987
4.496000,0.365092422
4.497000,0.282539082
4.498000,0.172367180
4.499000,0.074387343
4.500000,0.002298283
4.501000,-0.091359279
4.502000,-0.159037191
4.503000,-0.322332264
4.504000,-0.362482040
4.505000,-0.394088340
4.506000,-0.528438159
4.507000,-0.594176603
4.508000,-0.632680281
4.509000,-0.609268248
4.510000,-0.684386546
4.511000,-0.643876944
4.512000,-0.646959501
4.513000,-0.610906742
4.514000,-0.554185661
4.515000,-0.492719572
4.516000,-0.414929298
4.517000,-0.314925837
4.518000,-0.202907415
4.519000,-0.111997320
4.520000,0.036905985
4.521000,0.136376133
4.522000,0.270007408
4.523000,0.420662093
4.524000,0.504591498
4.525000,0.667005361
4.526000,0.804061670
4.527000,0.920896502
4.528000,1.065334879
4.529000,1.162556549
4.530000,1.259575277
4.531000,1.408542308
4.532000,1.519396901
4.533000,1.552456802
4.534000,1.583534146
4.535000,1.646124002
4.536000,1.645374099
4.537000,1.637511761
4.538000,1.644241669
4.539000,1.613122304
4.540000,1.526852448
4.541000,1.525988497
4.542000,1.474117777
4.543000,1.451998378
4.544000,1.353622609
4.545000,1.238066618
4.546000,1.210068171
4.547000,1.134674400
4.548000,1.061976033
4.549000,0.961659892
4.550000,0.934543628
4.551000,0.750299753
4.552000,0.731740321
4.553000,0.639022213
4.554000,0.515448039
4.555000,0.458247440
4.556000,0.372078277
4.557000,0.328051373
4.558000,0.260678476
4.559000,0.207506434
4.560000,0.171880408
4.561000,0.095924826
4.562000,0.118816583
4.563000,0.071862083
4.564000,-0.013391064
4.565000,-0.004095707
4.566000,-0.099284894
4.567000,-0.160283090
4.568000,-0.138489507
4.569000,-0.175710877
4.570000,-0.262213948
4.571000,-0.276578353
4.572000,-0.290800222
4.573000,-0.321778248
4.574000,-0.506352396
4.575000,-0.543874014
4.576000,-0.669361372
4.577000,-0.631346126
4.578000,-0.817550629
4.579000,-0.870516346
4.580000,-0.988059813
4.581000,-1.118839857
4.582000,-1.190001387
4.583000,-1.320163612
4.584000,-1.392162217
4.585000,-1.470561017
4.586000,-1.539924065
4.587000,-1.692032303
4.588000,-1.694589578
4.589000,-1.674845997
4.590000,-1.827510102
4.591000,-1.824171046
4.592000,-1.868008672
4.593000,-1.946820222
4.594000,-1.883625805
4.595000,-1.850169390
4.596000,-1.764211260
4.597000,-1.734697369
4.598000,-1.668618177
4.599000,-1.555047417
4.600000,-1.470263465
4.601000,-1.364671621
4.602000,-1.213223003
4.603000,-1.137545498
4.604000,-0.956551564
4.605000,-0.759827750
4.606000,-0.703626348
4.607000,-0.502144496
4.608000,-0.311886949
4.609000,-0.149172790
4.610000,-0.009084950
4.611000,0.165364329
4.612000,0.269717609
4.613000,0.460028467
4.614000,0.559555435
4.615000,0.718422732
4.616000,0.785462441
4.617000,0.857457910
4.618000,0.948152412
4.619000,0.929687776
4.620000,0.976188691
4.621000,0.946787144
4.622000,1.023133459
4.623000,1.028385264
4.624000,0.930822437
4.625000,0.861511256
4.626000,0.871782440
4.627000,0.744873575
4.628000,0.671509102
4.629000,0.645066070
4.630000,0.494954739
4.631000,0.403636486
4.632000,0.359889490
4.633000,0.232464380
4.634000,0.088985599
4.635000,0.077180936
4.636000,-0.102292708
4.637000,-0.093379515
4.638000,-0.172400373
4.639000,-0.254940434
4.640000,-0.302283212
4.641000,-0.338675721
4.642000,-0.265959087
4.643000,-0.312459814
4.644000,-0.319287974
4.645000,-0.253387402
4.646000,-0.191271247
4.647000,-0.161978945
4.648000,-0.083094062
4.649000,0.002627644
4.650000,0.062859699
4.651000,0.165216345
4.652000,0.252738492
4.653000,0.331007481
4.654000,0.429624573
4.655000,0.588451972
4.656000,0.659598906
4.657000,0.782985124
4.658000,0.874112313
4.659000,1.002168543
4.660000,1.065135648
4.661000,1.140507662
4.662000,1.187123685
4.663000,1.244948215
4.664000,1.280577194
4.665000,1.327843834
4.666000,1.285917486
4.667000,1.342069413
4.668000,1.346700788
4.669000,1.328936521
4.670000,1.255385472
4.671000,1.235583387
4.672000,1.188212931
4.673000,1.126873145
4.674000,1.043219344
4.675000,0.978270211
4.676000,0.938063846
4.677000,0.873384884
4.678000,0.788678873
4.679000,0.680137356
4.680000,0.640652465
4.681000,0.547787320
4.682000,0.466281158
4.683000,0.384306113
4.684000,0.331835414
4.685000,0.308249512
4.686000,0.225677116
4.687000,0.176867189
4.688000,0.104701779
4.689000,0.177146444
4.690000,-0.011722231
4.691000,-0.038313796
4.692000,-0.024134811
4.693000,-0.031354006
4.694000,-0.012016787
4.695000,-0.077597580
4.696000,-0.112666857
4.697000,-0.124664767
4.698000,-0.182805554
4.699000,-0.281456139
4.700000,-0.256858132
4.701000,-0.304939370
4.702000,-0.299141965
4.703000,-0.444858058
4.704000,-0.450960608
4.705000,-0.601437613
4.706000,-0.592941409
4.707000,-0.719224362
4.708000,-0.787793506
4.709000,-0.886154399
4.710000,-0.985016372
4.711000,-1.103098184
4.712000,-1.227687970
4.713000,-1.314675460
4.714000,-1.433087397
4.715000,-1.510497930
4.716000,-1.647466025
4.717000,-1.679526044
4.718000,-1.732611707
4.719000,-1.793238080
4.720000,-1.845841437
4.721000,-1.923822189
4.722000,-1.962074122
4.723000,-1.978982608
4.724000,-1.957366981
4.725000,-1.928713783
4.726000,-1.904034040
4.727000,-1.901198560
4.728000,-1.748971691
4.729000,-1.688671224
4.730000,-1.569820313
4.731000,-1.479314644
4.732000,-1.355997826
4.733000,-1.144717391
4.734000,-1.078627881
4.735000,-0.931704324
4.736000,-0.648539012
4.737000,-0.523496574
4.738000,-0.363009383
4.739000,-0.186582525
4.740000,-0.049797426
4.741000,0.241842998
4.742000,0.376251192
4.743000,0.531349561
4.744000,0.691495484
4.745000,0.777955946
4.746000,0.944121340
4.747000,1.072873706
4.748000,1.067924380
4.749000,1.228706083
4.750000,1.292412285
4.751000,1.314360337
4.752000,1.308228516
4.753000,1.335786621
4.754000,1.316043888
4.755000,1.313660943
4.756000,1.244875682
4.757000,1.228268288
4.758000,1.122279502
4.759000,1.044461088
4.760000,1.008948340
4.761000,0.876495744
4.762000,0.800328067
4.763000,0.646229890
4.764000,0.631325330
4.765000,0.444468878
4.766000,0.396993159
4.767000,0.298922540
4.768000,0.201517110
4.769000,0.143574431
4.770000,0.126168612
4.771000,0.089540219
4.772000,-0.009729698
4.773000,-0.041077686
4.774000,-0.101858455
4.775000,0.003339564
4.776000,-0.070356690
4.777000,-0.044086566
4.778000,0.019066664
4.779000,0.080847851
4.780000,0.156495365
4.781000,0.235785083
4.782000,0.259263809
4.783000,0.293169316
4.784000,0.362018593
4.785000,0.452102489
4.786000,0.557272445
4.787000,0.635805614
4.788000,0.696480347
4.789000,0.687296400
4.790000,0.787318523
4.791000,0.901014348
4.792000,0.886157604
4.793000,0.935579617
4.794000,1.046013052
4.795000,0.978176306
4.796000,1.029047340
4.797000,1.037232058
4.798000,0.990537295
4.799000,0.930877122
4.800000,0.842666334
4.801000,0.844217321
4.802000,0.840887939
4.803000,0.784664490
4.804000,0.742227755
4.805000,0.610062276
4.806000,0.582647876
4.807000,0.447064178
4.808000,0.413667659
4.809000,0.388448857
4.810000,0.241425394
4.811000,0.268588583
4.812000,0.239912098
4.813000,0.087218557
4.814000,0.072776570
4.815000,0.087627939
4.816000,0.012089044
4.817000,-0.024556774
4.818000,-0.061531630
4.819000,-0.129290258
4.820000,-0.111251221
4.821000,-0.083869329
4.822000,-0.132311372
4.823000,-0.123775203
4.824000,-0.165850054
4.825000,-0.190850518
4.826000,-0.188593944
4.827000,-0.220542425
4.828000,-0.246533012
4.829000,-0.227406616
4.830000,-0.260179549
4.831000,-0.314207135
4.832000,-0.304635636
4.833000,-0.400338991
4.834000,-0.414174487
4.835000,-0.474346947
4.836000,-0.509401375
4.837000,-0.626631128
4.838000,-0.697636710
4.839000,-0.809708635
4.840000,-0.950053356
4.841000,-0.982191151
4.842000,-1.060341752
4.843000,-1.218690537
4.844000,-1.256177805
4.845000,-1.393404233
4.846000,-1.459558134
4.847000,-1.618029652
4.848000,-1.724876621
4.849000,-1.773365325
4.850000,-1.862802997
4.851000,-1.888696909
4.852000,-1.941735010
4.853000,-1.954291880
4.854000,-1.970478452
4.855000,-1.988488357
4.856000,-1.948930005
4.857000,-1.850695917
4.858000,-1.828236947
4.859000,-1.786146471
4.860000,-1.708514547
4.861000,-1.543023234
4.862000,-1.394602454
4.863000,-1.293548596
4.864000,-1.154021040
4.865000,-0.914660845
4.866000,-0.657501587
4.867000,-0.541849464
4.868000,-0.407650224
4.869000,-0.188382964
4.870000,0.004771721
4.871000,0.161307664
4.872000,0.344066231
4.873000,0.561986321
4.874000,0.761253598
4.875000,0.905611952
4.876000,1.025376753
4.877000,1.194766278
4.878000,1.313107778
4.879000,1.369232446
4.880000,1.445830473
4.881000,1.567223211
4.882000,1.629041848
4.883000,1.635819855
4.884000,1.669672999
4.885000,1.671484404
4.886000,1.558213398
4.887000,1.579541579
4.888000,1.551653577
4.889000,1.480585936
4.890000,1.412915665
4.891000,1.266944084
4.892000,1.212378246
4.893000,1.117440361
4.894000,0.975310912
4.895000,0.896948803
4.896000,0.750051681
4.897000,0.665959360
4.898000,0.607039880
4.899000,0.540476827
4.900000,0.427951635
4.901000,0.401542258
4.902000,0.337206999
4.903000,0.210241988
4.904000,0.194560425
4.905000,0.151285058
4.906000,0.170776351
4.907000,0.157969826
4.908000,0.113141943
4.909000,0.174698823
4.910000,0.125996506
4.911000,0.227163047
4.912000,0.151247072
4.913000,0.256727104
4.914000,0.282244387
4.915000,0.367414420
4.916000,0.399195054
4.917000,0.369752688
4.918000,0.437033331
4.919000,0.498391499
4.920000,0.585646228
4.921000,0.627648049
4.922000,0.621284577
4.923000,0.658421548
4.924000,0.600285170
4.925000,0.634395132
4.926000,0.616434014
4.927000,0.562702551
4.928000,0.559033198
4.929000,0.525681626
4.930000,0.509898112
4.931000,0.464641798
4.932000,0.381514380
4.933000,0.325822610
4.934000,0.225284470
4.935000,0.235849552
4.936000,0.155018510
4.937000,0.094909098
4.938000,0.051194375
4.939000,-0.038515867
4.940000,-0.107543691
4.941000,-0.147254807
4.942000,-0.184881115
4.943000,-0.207606054
4.944000,-0.265600182
4.945000,-0.287381834
4.946000,-0.334129538
4.947000,-0.319995811
4.948000,-0.367432914
4.949000,-0.336290009
4.950000,-0.296545669
4.951000,-0.299509858
4.952000,-0.297812501
4.953000,-0.285962954
4.954000,-0.237092184
4.955000,-0.284320275
4.956000,-0.221813340
4.957000,-0.245195255
4.958000,-0.207718142
4.959000,-0.217915476
4.960000,-0.232953948
4.961000,-0.217586765
4.962000,-0.264471369
4.963000,-0.308099251
4.964000,-0.321805427
4.965000,-0.389811052
4.966000,-0.401976961
4.967000,-0.487865538
4.968000,-0.579572201
4.969000,-0.610851520
4.970000,-0.697087594
4.971000,-0.808204925
4.972000,-0.909858293
4.973000,-0.975556705
4.974000,-1.114796955
4.975000,-1.202736656
4.976000,-1.346629271
4.977000,-1.394348443
4.978000,-1.508340799
4.979000,-1.574056095
4.980000,-1.674061729
4.981000,-1.753659698
4.982000,-1.819613085
4.983000,-1.827998853
4.984000,-1.858302428
4.985000,-1.889493055
4.986000,-1.801581810
4.987000,-1.778734248
4.988000,-1.822460483
4.989000,-1.758980612
4.990000,-1.655497146
4.991000,-1.502547699
4.992000,-1.307238974
4.993000,-1.287613953
4.994000,-1.111697338
4.995000,-0.899297127
4.996000,-0.780136299
4.997000,-0.548670019
4.998000,-0.364012871
4.999000,-0.198084634
5.000000,0.026461877
5.001000,0.225285685
5.002000,0.349950280
5.003000,0.576908586
5.004000,0.746402843
5.005000,0.940174105
5.006000,1.065768909
5.007000,1.222265069
5.008000,1.389303489
5.009000,1.507024444
5.010000,1.651476483
5.011000,1.701123833
5.012000,1.804392200
5.013000,1.848813863
5.014000,1.873244134
5.015000,1.744532239
5.016000,1.821330714
5.017000,1.835713337
5.018000,1.743857222
5.019000,1.715233937
5.020000,1.685925413
5.021000,1.591029344
5.022000,1.493586409
5.023000,1.463050054
5.024000,1.299916106
5.025000,1.243818522
5.026000,1.105171488
5.027000,1.005930262
5.028000,0.890333969
5.029000,0.777450780
5.030000,0.702493517
5.031000,0.580809633
5.032000,0.559989925
5.033000,0.473020639
5.034000,0.393129256
5.035000,0.376002724
5.036000,0.276047985
5.037000,0.212682593
5.038000,0.257727751
5.039000,0.185632854
5.040000,0.174798042
5.041000,0.218241692
5.042000,0.245054497
5.043000,0.200344199
5.044000,0.208314546
5.045000,0.294155205
5.046000,0.221725822
5.047000,0.304664159
5.048000,0.306022322
5.049000,0.282879550
5.050000,0.308652502
5.051000,0.290668075
5.052000,0.295037799
5.053000,0.303184496
5.054000,0.273034391
5.055000,0.224731663
5.056000,0.268795672
5.057000,0.196005453
5.058000,0.198469395
5.059000,0.124574435
5.060000,0.163012405
5.061000,0.040397260
5.062000,-0.075210667
5.063000,-0.136943474
5.064000,-0.185012183
5.065000,-0.233547416
5.066000,-0.331880882
5.067000,-0.375559284
5.068000,-0.397513720
5.069000,-0.496671622
5.070000,-0.499214229
5.071000,-0.529397208
5.072000,-0.599691322
5.073000,-0.576978104
5.074000,-0.610072648
5.075000,-0.589096896
5.076000,-0.602937102
5.077000,-0.622111849
5.078000,-0.605550159
5.079000,-0.564855694
5.080000,-0.538800119
5.081000,-0.566789917
5.082000,-0.449599297
5.083000,-0.452327692
5.084000,-0.357597543
5.085000,-0.341762449
5.086000,-0.322969635
5.087000,-0.262107303
5.088000,-0.181207910
5.089000,-0.214314683
5.090000,-0.216903952
5.091000,-0.154646753
5.092000,-0.099171625
5.093000,-0.088780349
5.094000,-0.115096710
5.095000,-0.229996079
5.096000,-0.204715531
5.097000,-0.254069024
5.098000,-0.297820809
5.099000,-0.388367405
5.100000,-0.436226297
5.101000,-0.544457344
5.102000,-0.527609877
5.103000,-0.689626820
5.104000,-0.805528602
5.105000,-0.928413796
5.106000,-0.964519480
5.107000,-1.076647307
5.108000,-1.157066982
5.109000,-1.274172595
5.110000,-1.384153692
5.111000,-1.468415885
5.112000,-1.535105740
5.113000,-1.577335268
5.114000,-1.583504738
5.115000,-1.644022900
5.116000,-1.625768126
5.117000,-1.601069349
5.118000,-1.608577501
5.119000,-1.518513216
5.120000,-1.469756922
5.121000,-1.387218223
5.122000,-1.298248427
5.123000,-1.174281025
5.124000,-1.071688008
5.125000,-0.923179800
5.126000,-0.730041000
5.127000,-0.539437911
5.128000,-0.393105019
5.129000,-0.184396596
5.130000,-0.015263541
5.131000,0.161368820
5.132000,0.378126877
5.133000,0.579537330
5.134000,0.732662195
5.135000,0.913665687
5.136000,1.085546282
5.137000,1.263633209
5.138000,1.358716019
5.139000,1.541579918
5.140000,1.655858168
5.141000,1.752082514
5.142000,1.809466399
5.143000,1.897168307
5.144000,1.899949199
5.145000,1.936424381
5.146000,1.991748294
5.147000,1.919368367
5.148000,1.915150254
5.149000,1.877317810
5.150000,1.860503708
5.151000,1.731841869
5.152000,1.680667030
5.153000,1.580032835
5.154000,1.569270689
5.155000,1.412828692
5.156000,1.303410563
5.157000,1.218373381
5.158000,1.136643732
5.159000,0.945673888
5.160000,0.875409943
5.161000,0.818500695
5.162000,0.702429961
5.163000,0.593620142
5.164000,0.538111713
5.165000,0.493996786
5.166000,0.436712597
5.167000,0.431193526
5.168000,0.276342110
5.169000,0.241563060
5.170000,0.217081987
5.171000,0.255997262
5.172000,0.178785633
5.173000,0.143385065
5.174000,0.200028102
5.175000,0.142504786
5.176000,0.188456802
5.177000,0.151866249
5.178000,0.115065132
5.179000,0.149284193
5.180000,0.131622637
5.181000,0.133194755
5.182000,0.052348031
5.183000,0.026921289
5.184000,0.047092856
5.185000,-0.002727456
5.186000,-0.072827696
5.187000,-0.155801695
5.188000,-0.216410489
5.189000,-0.287018190
5.190000,-0.336615741
5.191000,-0.378772934
5.192000,-0.475906163
5.193000,-0.486947233
5.194000,-0.654021524
5.195000,-0.667275390
5.196000,-0.727465346
5.197000,-0.748644135
5.198000,-0.805908448
5.199000,-0.906908008
5.200000,-0.904205205
5.201000,-0.975256675
5.202000,-0.959048754
5.203000,-1.018664553
5.204000,-0.982501964
5.205000,-0.936337788
5.206000,-0.903003208
5.207000,-0.905388403
5.208000,-0.933097529
5.209000,-0.872883844
5.210000,-0.832299473
5.211000,-0.762435106
5.212000,-0.730407116
5.213000,-0.626069140
5.214000,-0.499605501
5.215000,-0.390426468
5.216000,-0.368682373
5.217000,-0.301477003
5.218000,-0.216459010
5.219000,-0.217963415
5.220000,-0.136170108
5.221000,-0.034670920
5.222000,-0.022913949
5.223000,0.005746859
5.224000,0.064000844
5.225000,-0.009088511
5.226000,0.080537480
5.227000,0.005990975
5.228000,0.019530504
5.229000,-0.037352264
5.230000,-0.067260958
5.231000,-0.122035998
5.232000,-0.254767236
5.233000,-0.280538732
5.234000,-0.378891500
5.235000,-0.445270915
5.236000,-0.601542673
5.237000,-0.649525220
5.238000,-0.762519878
5.239000,-0.894580766
5.240000,-0.943858280
5.241000,-1.071225976
5.242000,-1.110433761
5.243000,-1.208346224
5.244000,-1.257594937
5.245000,-1.300737580
5.246000,-1.299369834
5.247000,-1.343355052
5.248000,-1.317374471
5.249000,-1.293326078
5.250000,-1.295777214
5.251000,-1.183107220
5.252000,-1.089884175
5.253000,-1.024978546
5.254000,-0.918196590
5.255000,-0.830950028
5.256000,-0.628075990
5.257000,-0.562065707
5.258000,-0.350758238
5.259000,-0.139329338
5.260000,-0.031055066
5.261000,0.185217556
5.262000,0.328368939
5.263000,0.550462826
5.264000,0.665961564
5.265000,0.868692526
5.266000,1.027399623
5.267000,1.205890071
5.268000,1.297131661
5.269000,1.526098297
5.270000,1.608842869
5.271000,1.688330514
5.272000,1.834983664
5.273000,1.860121988
5.274000,1.921873144
5.275000,1.958875622
5.276000,2.016862363
5.277000,1.976050892
5.278000,1.925418112
5.279000,1.931079176
5.280000,1.897850900
5.281000,1.828520179
5.282000,1.742441129
5.283000,1.660447153
5.284000,1.548291822
5.285000,1.521551105
5.286000,1.385089555
5.287000,1.290608972
5.288000,1.223294098
5.289000,1.138400954
5.290000,0.974283090
5.291000,0.896730005
5.292000,0.801084782
5.293000,0.738377608
5.294000,0.607724845
5.295000,0.536564668
5.296000,0.501283049
5.297000,0.405131820
5.298000,0.333374209
5.299000,0.311123167
5.300000,0.237013410
5.301000,0.214597784
5.302000,0.224171835
5.303000,0.146953678
5.304000,0.117579161
5.305000,0.078894997
5.306000,0.019585887
5.307000,0.042655659
5.308000,0.038897068
5.309000,0.015354286
5.310000,0.029376375
5.311000,-0.102297368
5.312000,-0.128679968
5.313000,-0.213561836
5.314000,-0.175636748
5.315000,-0.256993822
5.316000,-0.318293412
5.317000,-0.394165505
5.318000,-0.485127807
5.319000,-0.629887301
5.320000,-0.591601007
5.321000,-0.686249682
5.322000,-0.776509568
5.323000,-0.886613577
5.324000,-0.911765422
5.325000,-1.001902491
5.326000,-1.073708574
5.327000,-1.176279858
5.328000,-1.233295845
5.329000,-1.250900376
5.330000,-1.290894263
5.331000,-1.348340061
5.332000,-1.283636416
5.333000,-1.355820521
5.334000,-1.339602502
5.335000,-1.312552723
5.336000,-1.246610485
5.337000,-1.272342549
5.338000,-1.201290422
5.339000,-1.169549026
5.340000,-1.025270535
5.341000,-0.960276267
5.342000,-0.876788965
5.343000,-0.775085054
5.344000,-0.626371805
5.345000,-0.578235552
5.346000,-0.485151483
5.347000,-0.378144645
5.348000,-0.225270710
5.349000,-0.138074398
5.350000,-0.046691914
5.351000,0.006539526
5.352000,0.120398312
5.353000,0.189570792
5.354000,0.230591171
5.355000,0.266651889
5.356000,0.314573814
5.357000,0.328178605
5.358000,0.303431986
5.359000,0.295940732
5.360000,0.227460320
5.361000,0.257162298
5.362000,0.183813679
5.363000,0.170090357
5.364000,-0.003477941
5.365000,-0.026934252
5.366000,-0.103116948
5.367000,-0.235696057
5.368000,-0.297044367
5.369000,-0.400734160
5.370000,-0.489831541
5.371000,-0.605880865
5.372000,-0.781944946
5.373000,-0.764566033
5.374000,-0.835214724
5.375000,-0.919961073
5.376000,-0.985145912
5.377000,-0.963072063
5.378000,-0.985125745
5.379000,-0.951914945
5.380000,-1.009180596
5.381000,-0.918219161
5.382000,-0.905156239
5.383000,-0.855798484
5.384000,-0.745088082
5.385000,-0.637672130
5.386000,-0.569470933
5.387000,-0.383532742
5.388000,-0.295749761
5.389000,-0.189458638
5.390000,-0.035164961
5.391000,0.188205622
5.392000,0.299988539
5.393000,0.481096058
5.394000,0.642601074
5.395000,0.794054480
5.396000,0.979745297
5.397000,1.081801108
5.398000,1.199978862
5.399000,1.290681296
5.400000,1.470583281
5.401000,1.567322319
5.402000,1.699156694
5.403000,1.712521863
5.404000,1.820317375
5.405000,1.820993813
5.406000,1.905383879
5.407000,1.832942390
5.408000,1.843279495
5.409000,1.854305464
5.410000,1.834611175
5.411000,1.776754148
5.412000,1.652567770
5.413000,1.656529444
5.414000,1.546393426
5.415000,1.413673812
5.416000,1.356199524
5.417000,1.269103237
5.418000,1.159819915
5.419000,1.126305522
5.420000,1.007000017
5.421000,0.930497530
5.422000,0.778069426
5.423000,0.666188621
5.424000,0.646069315
5.425000,0.554694959
5.426000,0.506061152
5.427000,0.431954076
5.428000,0.354291175
5.429000,0.316399477
5.430000,0.242333786
5.431000,0.198262174
5.432000,0.207290256
5.433000,0.145453255
5.434000,0.036184846
5.435000,-0.017482744
5.436000,0.033251418
5.437000,-0.058610746
5.438000,-0.089029821
5.439000,-0.141643253
5.440000,-0.162224688
5.441000,-0.233269761
5.442000,-0.309680711
5.443000,-0.385318407
5.444000,-0.466219476
5.445000,-0.493716089
5.446000,-0.497768123
5.447000,-0.639522368
5.448000,-0.692930495
5.449000,-0.742676926
5.450000,-0.823409608
5.451000,-0.967441403
5.452000,-1.017557328
5.453000,-1.137339121
5.454000,-1.269078379
5.455000,-1.263335999
5.456000,-1.364749464
5.457000,-1.463802314
5.458000,-1.492807945
5.459000,-1.541220282
5.460000,-1.588001729
5.461000,-1.652244043
5.462000,-1.646136607
5.463000,-1.636165822
5.464000,-1.613333998
5.465000,-1.618881419
5.466000,-1.607087568
5.467000,-1.509907942
5.468000,-1.419814028
5.469000,-1.395928574
5.470000,-1.271735480
5.471000,-1.153105622
5.472000,-1.040531534
5.473000,-0.911241618
5.474000,-0.815600715
5.475000,-0.649403139
5.476000,-0.515509285
5.477000,-0.444228830
5.478000,-0.274329322
5.479000,-0.143708783
5.480000,-0.043323630
5.481000,0.088515828
5.482000,0.150736525
5.483000,0.334618062
5.484000,0.429369269
5.485000,0.516009467
5.486000,0.585457270
5.487000,0.575494257
5.488000,0.622084317
5.489000,0.690770100
5.490000,0.678791601
5.491000,0.610886068
5.492000,0.534070918
5.493000,0.556007348
5.494000,0.476042235
5.495000,0.443784167
5.496000,0.394983000
5.497000,0.238281276
5.498000,0.199558010
5.499000,0.060246561
5.500000,0.074472131
5.501000,-0.095171788
5.502000,-0.177058233
5.503000,-0.313016462
5.504000,-0.429839255
5.505000,-0.470670218
5.506000,-0.536798965
5.507000,-0.527694334
5.508000,-0.639309764
5.509000,-0.608202261
5.510000,-0.633757237
5.511000,-0.647808246
5.512000,-0.701477362
5.513000,-0.610132326
5.514000,-0.515874524
5.515000,-0.465363691
5.516000,-0.399415110
5.517000,-0.356414088
5.518000,-0.207194812
5.519000,-0.090780877
5.520000,0.008204140
5.521000,0.163758344
5.522000,0.262321517
5.523000,0.359173559
5.524000,0.536781625
5.525000,0.670925120
5.526000,0.860671513
5.527000,0.973165591
5.528000,1.070765093
5.529000,1.168150636
5.530000,1.303658659
5.531000,1.422886148
5.532000,1.427911221
5.533000,1.503465074
5.534000,1.609113730
5.535000,1.626829675
5.536000,1.622794981
5.537000,1.679990406
5.538000,1.657444236
5.539000,1.594913914
5.540000,1.601236893
5.541000,1.551013890
5.542000,1.548568090
5.543000,1.455712414
5.544000,1.382558640
5.545000,1.296058185
5.546000,1.226554599
5.547000,1.084399518
5.548000,0.995264795
5.549000,0.962411250
5.550000,0.874817634
5.551000,0.764217276
5.552000,0.632282612
5.553000,0.578757978
5.554000,0.550643787
5.555000,0.465897048
5.556000,0.375221438
5.557000,0.303899041
5.558000,0.281964731
5.559000,0.216327202
5.560000,0.167257436
5.561000,0.111868403
5.562000,0.089588076
5.563000,0.053999739
5.564000,-0.011322829
5.565000,0.019904235
5.566000,-0.085406242
5.567000,-0.101773186
5.568000,-0.194483364
5.569000,-0.222076314
5.570000,-0.212419733
5.571000,-0.270572221
5.572000,-0.343174546
5.573000,-0.432325675
5.574000,-0.469555093
5.575000,-0.583461773
5.576000,-0.600403008
5.577000,-0.795158771
5.578000,-0.816025639
5.579000,-0.920233293
5.580000,-0.952047421
5.581000,-1.093067317
5.582000,-1.146674950
5.583000,-1.236185374
5.584000,-1.359321027
5.585000,-1.511656873
5.586000,-1.569287878
5.587000,-1.638855331
5.588000,-1.680606399
5.589000,-1.740046727
5.590000,-1.838846044
5.591000,-1.810409133
5.592000,-1.885755166
5.593000,-1.872770380
5.594000,-1.846041149
5.595000,-1.833558369
5.596000,-1.742555262
5.597000,-1.699464316
5.598000,-1.701580035
5.599000,-1.609015885
5.600000,-1.439644134
5.601000,-1.356325052
5.602000,-1.214418637
5.603000,-1.095505801
5.604000,-0.913447758
5.605000,-0.774278043
5.606000,-0.615828570
5.607000,-0.498726437
5.608000,-0.298353513
5.609000,-0.204353022
5.610000,-0.006217914
5.611000,0.133403552
5.612000,0.273012904
5.613000,0.402541379
5.614000,0.493486411
5.615000,0.701119450
5.616000,0.753680963
5.617000,0.835592764
5.618000,0.920706414
5.619000,0.985740184
5.620000,1.025090323
5.621000,0.986344989
5.622000,1.002658213
5.623000,0.951600141
5.624000,0.967370881
5.625000,0.898657038
5.626000,0.865310383
5.627000,0.791811777
5.628000,0.710092769
5.629000,0.614965864
5.630000,0.508327861
5.631000,0.371949180
5.632000,0.321406154
5.633000,0.265240937
5.634000,0.107889485
5.635000,0.011700765
5.636000,-0.031510420
5.637000,-0.073374988
5.638000,-0.218337383
5.639000,-0.311714730
5.640000,-0.297361125
5.641000,-0.302312458
5.642000,-0.322112971
5.643000,-0.324001724
5.644000,-0.315449516
5.645000,-0.290011098
5.646000,-0.252225032
5.647000,-0.160744944
5.648000,-0.086829056
5.649000,-0.073552610
5.650000,0.108554370
5.651000,0.168963823
5.652000,0.272818819
5.653000,0.352291845
5.654000,0.475279227
5.655000,0.541225204
5.656000,0.728353000
5.657000,0.826063815
5.658000,0.874357818
5.659000,0.933497916
5.660000,1.047561445
5.661000,1.149052342
5.662000,1.183905164
5.663000,1.225219282
5.664000,1.295600272
5.665000,1.294141109
5.666000,1.377697847
5.667000,1.371027463
5.668000,1.355587832
5.669000,1.295902302
5.670000,1.293915435
5.671000,1.281497852
5.672000,1.136842681
5.673000,1.149243884
5.674000,1.121912040
5.675000,1.065208561
5.676000,0.909274276
5.677000,0.870107041
5.678000,0.815568732
5.679000,0.742457005
5.680000,0.573913258
5.681000,0.493463816
5.682000,0.485775802
5.683000,0.427014128
5.684000,0.343378985
5.685000,0.276904427
5.686000,0.269537126
5.687000,0.224886567
5.688000,0.116966937
5.689000,0.098164718
5.690000,0.021519943
5.691000,0.074588429
5.692000,-0.050516810
5.693000,-0.069439155
5.694000,-0.091917112
5.695000,-0.124465278
5.696000,-0.083364713
5.697000,-0.082604732
5.698000,-0.177837407
5.699000,-0.232884868
5.700000,-0.242850892
5.701000,-0.338668963
5.702000,-0.324098983
5.703000,-0.424322773
5.704000,-0.476065168
5.705000,-0.581369936
5.706000,-0.645057555
5.707000,-0.771790795
5.708000,-0.812341564
5.709000,-0.880561189
5.710000,-1.060896830
5.711000,-1.136319531
5.712000,-1.222293156
5.713000,-1.319174636
5.714000,-1.412832681
5.715000,-1.508469181
5.716000,-1.590688148
5.717000,-1.685758460
5.718000,-1.812387875
5.719000,-1.819884254
5.720000,-1.849153245
5.721000,-1.920654465
5.722000,-2.010653484
5.723000,-1.964355841
5.724000,-1.954877340
5.725000,-1.979904499
5.726000,-1.911892614
5.727000,-1.822542966
5.728000,-1.741791684
5.729000,-1.699200560
5.730000,-1.584317390
5.731000,-1.485825801
5.732000,-1.360463519
5.733000,-1.161293778
5.734000,-1.017659123
5.735000,-0.862550105
5.736000,-0.724209255
5.737000,-0.486690629
5.738000,-0.318944337
5.739000,-0.207781779
5.740000,0.043042684
5.741000,0.190874042
5.742000,0.363436613
5.743000,0.455537831
5.744000,0.622860856
5.745000,0.835081464
5.746000,0.907359826
5.747000,1.064675767
5.748000,1.094257308
5.749000,1.166569813
5.750000,1.327322647
5.751000,1.338597752
5.752000,1.330944726
5.753000,1.347464783
5.754000,1.308531616
5.755000,1.313455729
5.756000,1.296221369
5.757000,1.192871494
5.758000,1.152398520
5.759000,1.009289911
5.760000,1.027938234
5.761000,0.911455307
5.762000,0.783479581
5.763000,0.675119360
5.764000,0.628029154
5.765000,0.472891014
5.766000,0.405177759
5.767000,0.296242430
5.768000,0.196726866
5.769000,0.182971144
5.770000,0.076748633
5.771000,0.051297610
5.772000,-0.013050016
5.773000,-0.034387801
5.774000,-0.050651914
5.775000,-0.067759835
5.776000,-0.016375113
5.777000,-0.019392681
5.778000,0.041804583
5.779000,0.081230863
5.780000,0.147466026
5.781000,0.155801137
5.782000,0.256559951
5.783000,0.302342052
5.784000,0.381051366
5.785000,0.436024556
5.786000,0.518905630
5.787000,0.626063565
5.788000,0.667712659
5.789000,0.722245658
5.790000,0.829752499
5.791000,0.868018218
5.792000,0.865594463
5.793000,0.941161114
5.794000,0.998055695
5.795000,1.013280422
5.796000,0.970229626
5.797000,0.948749180
5.798000,0.956825237
5.799000,0.984246709
5.800000,0.933379188
5.801000,0.801174611
5.802000,0.847350992
5.803000,0.700370685
5.804000,0.765036699
5.805000,0.668598953
5.806000,0.564826972
5.807000,0.511775930
5.808000,0.459982413
5.809000,0.357767281
5.810000,0.320798598
5.811000,0.240201072
5.812000,0.177468552
5.813000,0.176051743
5.814000,0.019379750
5.815000,0.037484874
5.816000,-0.044722446
5.817000,-0.041940015
5.818000,-0.086000115
5.819000,-0.011747751
5.820000,-0.122572845
5.821000,-0.126578827
5.822000,-0.153473351
5.823000,-0.118744175
5.824000,-0.170302020
5.825000,-0.184356989
5.826000,-0.119545659
5.827000,-0.165523302
5.828000,-0.197594730
5.829000,-0.154438180
5.830000,-0.272306341
5.831000,-0.310373259
5.832000,-0.349322483
5.833000,-0.336296814
5.834000,-0.445506782
5.835000,-0.453590783
5.836000,-0.578262595
5.837000,-0.691332498
5.838000,-0.745373049
5.839000,-0.803335607
5.840000,-0.872068386
5.841000,-0.968822586
5.842000,-1.099730997
5.843000,-1.194439584
5.844000,-1.398323858
5.845000,-1.413240108
5.846000,-1.518431382
5.847000,-1.621863180
5.848000,-1.718313498
5.849000,-1.748652846
5.850000,-1.806838144
5.851000,-1.835712960
5.852000,-1.940328670
5.853000,-1.983108903
5.854000,-1.911219654
5.855000,-1.968873230
5.856000,-1.948665965
5.857000,-1.930385756
5.858000,-1.813728340
5.859000,-1.727750728
5.860000,-1.622702756
5.861000,-1.526657021
5.862000,-1.386642735
5.863000,-1.241513249
5.864000,-1.084969749
5.865000,-0.896132352
5.866000,-0.727750796
5.867000,-0.562345298
5.868000,-0.393868666
5.869000,-0.160764659
5.870000,-0.008977175
5.871000,0.195030843
5.872000,0.364704232
5.873000,0.630257108
5.874000,0.708413540
5.875000,0.917943187
5.876000,1.066164334
5.877000,1.205770332
5.878000,1.296281530
5.879000,1.401229529
5.880000,1.476460548
5.881000,1.466326998
5.882000,1.572028207
5.883000,1.664578267
5.884000,1.609808560
5.885000,1.631524975
5.886000,1.683191513
5.887000,1.536137623
5.888000,1.497035769
5.889000,1.439016807
5.890000,1.310145114
5.891000,1.258523460
5.892000,1.149066756
5.893000,1.110468736
5.894000,0.985843189
5.895000,0.827252952
5.896000,0.814307279
5.897000,0.720587380
5.898000,0.586361895
5.899000,0.537335777
5.900000,0.445596555
5.901000,0.328087932
5.902000,0.300964647
5.903000,0.245267802
5.904000,0.172547735
5.905000,0.135589744
5.906000,0.158315987
5.907000,0.205626582
5.908000,0.135834646
5.909000,0.153285036
5.910000,0.133982992
5.911000,0.184041027
5.912000,0.218352242
5.913000,0.250798734
5.914000,0.283807565
5.915000,0.345676735
5.916000,0.374729728
5.917000,0.472742244
5.918000,0.538892105
5.919000,0.493165849
5.920000,0.539224632
5.921000,0.591717812
5.922000,0.618316900
5.923000,0.592828496
5.924000,0.605753284
5.925000,0.639495290
5.926000,0.563474803
5.927000,0.661548508
5.928000,0.578588399
5.929000,0.527263932
5.930000,0.491705450
5.931000,0.417578315
5.932000,0.452042765
5.933000,0.339261876
5.934000,0.269250631
5.935000,0.273400762
5.936000,0.189079172
5.937000,0.089945874
5.938000,0.047907639
5.939000,-0.033619403
5.940000,-0.089495049
5.941000,-0.135822323
5.942000,-0.165648339
5.943000,-0.181288567
5.944000,-0.188098877
5.945000,-0.339336201
5.946000,-0.224571879
5.947000,-0.277037637
5.948000,-0.314525314
5.949000,-0.329368373
5.950000,-0.368787143
5.951000,-0.268819145
5.952000,-0.325964174
5.953000,-0.259670478
5.954000,-0.276542397
5.955000,-0.297739119
5.956000,-0.222528121
5.957000,-0.209110876
5.958000,-0.244139263
5.959000,-0.187570974
5.960000,-0.162494741
5.961000,-0.212236631
5.962000,-0.232143059
5.963000,-0.293725223
5.964000,-0.338495881
5.965000,-0.364352818
5.966000,-0.404261902
5.967000,-0.469276057
5.968000,-0.547622715
5.969000,-0.547027714
5.970000,-0.692007821
5.971000,-0.831958076
5.972000,-0.937107358
5.973000,-1.055112520
5.974000,-1.136948264
5.975000,-1.193116930
5.976000,-1.321136750
5.977000,-1.431861722
5.978000,-1.486363878
5.979000,-1.573126835
5.980000,-1.654726161
5.981000,-1.731467413
5.982000,-1.784655232
5.983000,-1.861367992
5.984000,-1.899877120
5.985000,-1.874769631
5.986000,-1.862769060
5.987000,-1.834071421
5.988000,-1.766618027
5.989000,-1.709032536
5.990000,-1.649047070
5.991000,-1.510330394
5.992000,-1.377550179
5.993000,-1.266935209
5.994000,-1.077608184
5.995000,-0.929820860
5.996000,-0.753593149
5.997000,-0.593352579
5.998000,-0.379632656
5.999000,-0.176733575
6.000000,-0.057877193
6.001000,0.229257026
6.002000,0.376702437
6.003000,0.601664882
6.004000,0.696086377
6.005000,0.926260427
6.006000,1.051209999
6.007000,1.247706774
6.008000,1.393074011
6.009000,1.519452971
6.010000,1.610529634
6.011000,1.657235232
6.012000,1.800503605
6.013000,1.769144844
6.014000,1.829019375
6.015000,1.827275109
6.016000,1.826444428
6.017000,1.779716808
6.018000,1.816120867
6.019000,1.753453977
6.020000,1.668016884
6.021000,1.585273168
6.022000,1.475253486
6.023000,1.407773652
6.024000,1.285338694
6.025000,1.213071076
6.026000,1.118473782
6.027000,0.995541306
6.028000,0.913059924
6.029000,0.820176666
6.030000,0.733282134
6.031000,0.681022617
6.032000,0.498825268
6.033000,0.432613430
6.034000,0.369837112
6.035000,0.346236244
6.036000,0.259480733
6.037000,0.255798287
6.038000,0.270227291
6.039000,0.248833753
6.040000,0.265843412
6.041000,0.238962047
6.042000,0.246455665
6.043000,0.207832170
6.044000,0.224338836
6.045000,0.275333395
6.046000,0.289858231
6.047000,0.221735508
6.048000,0.251469106
6.049000,0.275316197
6.050000,0.286945422
6.051000,0.355988137
6.052000,0.369198761
6.053000,0.317666130
6.054000,0.304463180
6.055000,0.332417315
6.056000,0.260885649
6.057000,0.230906454
6.058000,0.185752400
6.059000,0.140423098
6.060000,0.119101748
6.061000,0.045445097
6.062000,-0.032259304
6.063000,-0.107573009
6.064000,-0.150319373
6.065000,-0.270570608
6.066000,-0.268481436
6.067000,-0.337996113
6.068000,-0.388343847
6.069000,-0.484482189
6.070000,-0.482153863
6.071000,-0.530894632
6.072000,-0.569755191
6.073000,-0.583991241
6.074000,-0.637514067
6.075000,-0.665587994
6.076000,-0.609255486
6.077000,-0.681785573
6.078000,-0.582973477
6.079000,-0.516683784
6.080000,-0.539008463
6.081000,-0.490395269
6.082000,-0.428563967
6.083000,-0.404172748
6.084000,-0.323307963
6.085000,-0.373270761
6.086000,-0.313718504
6.087000,-0.247600840
6.088000,-0.272869621
6.089000,-0.192020701
6.090000,-0.163614014
6.091000,-0.108038815
6.092000,-0.104936310
6.093000,-0.113437392
6.094000,-0.125176023
6.095000,-0.164547141
6.096000,-0.188836124
6.097000,-0.216942723
6.098000,-0.262175787
6.099000,-0.377090634
6.100000,-0.414487819
6.101000,-0.511194129
6.102000,-0.589246376
6.103000,-0.656792689
6.104000,-0.797522168
6.105000,-0.918887868
6.106000,-1.020585937
6.107000,-1.111347174
6.108000,-1.173640922
6.109000,-1.289543208
6.110000,-1.388040338
6.111000,-1.423395499
6.112000,-1.507376041
6.113000,-1.544165705
6.114000,-1.538273459
6.115000,-1.571036811
6.116000,-1.623950520
6.117000,-1.613490404
6.118000,-1.561545364
6.119000,-1.509530980
6.120000,-1.493109805
6.121000,-1.435463672
6.122000,-1.271581686
6.123000,-1.172731085
6.124000,-1.027570068
6.125000,-0.881738725
6.126000,-0.758501484
6.127000,-0.581570908
6.128000,-0.354051215
6.129000,-0.204307538
6.130000,-0.031783445
6.131000,0.176592063
6.132000,0.389681298
6.133000,0.552702849
6.134000,0.805446689
6.135000,0.955855824
6.136000,1.055694683
6.137000,1.265028125
6.138000,1.450034208
6.139000,1.632238889
6.140000,1.633887011
6.141000,1.746663489
6.142000,1.785641386
6.143000,1.905457211
6.144000,1.947412963
6.145000,1.967756979
6.146000,1.935250238
6.147000,1.982664995
6.148000,1.989331004
6.149000,1.935411818
6.150000,1.851883322
6.151000,1.773522587
6.152000,1.725286200
6.153000,1.608361555
6.154000,1.443715469
6.155000,1.369584764
6.156000,1.360037754
6.157000,1.254870413
6.158000,1.106961490
6.159000,0.983915909
6.160000,0.898829395
6.161000,0.773367648
6.162000,0.713706485
6.163000,0.689302525
6.164000,0.540612277
6.165000,0.465466426
6.166000,0.386624144
6.167000,0.378562734
6.168000,0.297020599
6.169000,0.305507905
6.170000,0.244058360
6.171000,0.277248914
6.172000,0.223403328
6.173000,0.203261989
6.174000,0.133452861
6.175000,0.165430332
6.176000,0.164111087
6.177000,0.155712010
6.178000,0.145582846
6.179000,0.126146204
6.180000,0.072114708
6.181000,0.015931836
6.182000,0.031271720
6.183000,0.066894889
6.184000,0.026940113
6.185000,-0.001802670
6.186000,-0.070699092
6.187000,-0.123490206
6.188000,-0.184474444
6.189000,-0.295334324
6.190000,-0.301547510
6.191000,-0.391997533
6.192000,-0.458424689
6.193000,-0.538215551
6.194000,-0.578680348
6.195000,-0.615783597
6.196000,-0.683067077
6.197000,-0.796029567
6.198000,-0.814321118
6.199000,-0.872217140
6.200000,-0.971403144
6.201000,-0.915720348
6.202000,-0.987201189
6.203000,-0.964660020
6.204000,-1.010078281
6.205000,-0.957055698
6.206000,-0.926757157
6.207000,-0.930145438
6.208000,-0.885856286
6.209000,-0.876919024
6.210000,-0.813814054
6.211000,-0.777697718
6.212000,-0.646391359
6.213000,-0.571568422
6.214000,-0.547534109
6.215000,-0.456320481
6.216000,-0.401724526
6.217000,-0.346844925
6.218000,-0.252090848
6.219000,-0.206462847
6.220000,-0.169012383
6.221000,-0.049947140
6.222000,-0.045792874
6.223000,0.015533709
6.224000,-0.041360977
6.225000,0.050774646
6.226000,0.024756718
6.227000,0.011593427
6.228000,0.028745684
6.229000,-0.041041234
6.230000,-0.080141091
6.231000,-0.150202303
6.232000,-0.209972780
6.233000,-0.329405563
6.234000,-0.394434650
6.235000,-0.495031257
6.236000,-0.564431868
6.237000,-0.702445747
6.238000,-0.761780028
6.239000,-0.865466353
6.240000,-0.991324069
6.241000,-1.038260482
6.242000,-1.149806067
6.243000,-1.224536593
6.244000,-1.284857369
6.245000,-1.335011027
6.246000,-1.320451462
6.247000,-1.346647591
6.248000,-1.344004673
6.249000,-1.285692174
6.250000,-1.243549770
6.251000,-1.207534338
6.252000,-1.192132533
6.253000,-1.025748014
6.254000,-0.989133271
6.255000,-0.832173344
6.256000,-0.671580442
6.257000,-0.470008749
6.258000,-0.429534839
6.259000,-0.231764857
6.260000,-0.031847208
6.261000,0.189767754
6.262000,0.301194591
6.263000,0.506706576
6.264000,0.744797488
6.265000,0.907514893
6.266000,1.028295290
6.267000,1.233258430
6.268000,1.350723133
6.269000,1.453666812
6.270000,1.578136186
6.271000,1.684165980
6.272000,1.757952168
6.273000,1.874601345
6.274000,1.944477515
6.275000,1.907019871
6.276000,1.989128797
6.277000,1.939990362
6.278000,1.955272170
6.279000,1.937502251
6.280000,1.915670700
6.281000,1.828574268
6.282000,1.769393186
6.283000,1.733571994
6.284000,1.647657768
6.285000,1.538711914
6.286000,1.432638754
6.287000,1.325130375
6.288000,1.257186186
6.289000,1.128143503
6.290000,0.985014519
6.291000,0.910454538
6.292000,0.825227566
6.293000,0.681420423
6.294000,0.621588311
6.295000,0.611954308
6.296000,0.454570617
6.297000,0.438525250
6.298000,0.373623197
6.299000,0.340410084
6.300000,0.241188160
6.301000,0.199498647
6.302000,0.187255247
6.303000,0.133386635
6.304000,0.168140474
6.305000,0.098465158
6.306000,0.090814666
6.307000,0.007452017
6.308000,0.026096088
6.309000,0.052164648
6.310000,-0.057873995
6.311000,-0.127062702
6.312000,-0.100573067
6.313000,-0.194795545
6.314000,-0.269850066
6.315000,-0.320569547
6.316000,-0.382571113
6.317000,-0.396383366
6.318000,-0.506644998
6.319000,-0.579818848
6.320000,-0.640263057
6.321000,-0.693506298
6.322000,-0.757534701
6.323000,-0.824834475
6.324000,-0.947756071
6.325000,-0.980373676
6.326000,-1.103346680
6.327000,-1.091751496
6.328000,-1.181031483
6.329000,-1.240244947
6.330000,-1.335356320
6.331000,-1.287915717
6.332000,-1.349709158
6.333000,-1.361002679
6.334000,-1.362266908
6.335000,-1.338540993
6.336000,-1.275966873
6.337000,-1.236270358
6.338000,-1.194160436
6.339000,-1.075117569
6.340000,-1.094198783
6.341000,-0.964478344
6.342000,-0.921393688
6.343000,-0.766708002
6.344000,-0.663650013
6.345000,-0.570860467
6.346000,-0.452451744
6.347000,-0.343240527
6.348000,-0.241680523
6.349000,-0.197240019
6.350000,-0.034773596
6.351000,0.078455970
6.352000,0.137715218
6.353000,0.163738681
6.354000,0.286389722
6.355000,0.278021455
6.356000,0.335540568
6.357000,0.336674989
6.358000,0.361112747
6.359000,0.257537996
6.360000,0.255133355
6.361000,0.254966705
6.362000,0.179935017
6.363000,0.112697977
6.364000,0.095167459
6.365000,-0.048855510
6.366000,-0.111628665
6.367000,-0.203442209
6.368000,-0.318323759
6.369000,-0.478639371
6.370000,-0.561561781
6.371000,-0.606634703
6.372000,-0.620608874
6.373000,-0.788597577
6.374000,-0.838745522
6.375000,-0.835689570
6.376000,-0.944240280
6.377000,-0.963481259
6.378000,-0.987669297
6.379000,-1.024423072
6.380000,-1.010722007
6.381000,-0.968858576
6.382000,-0.905894259
6.383000,-0.862917918
6.384000,-0.774882971
6.385000,-0.656165168
6.386000,-0.517728148
6.387000,-0.359848101
6.388000,-0.317654617
6.389000,-0.143935934
6.390000,-0.030475414
6.391000,0.137478546
6.392000,0.264968863
6.393000,0.530224154
6.394000,0.626642008
6.395000,0.826218906
6.396000,0.918727778
6.397000,1.025910257
6.398000,1.284516926
6.399000,1.311254646
6.400000,1.443124714
6.401000,1.611326338
6.402000,1.664693301
6.403000,1.728065243
6.404000,1.829668842
6.405000,1.821188894
6.406000,1.877791381
6.407000,1.825054937
6.408000,1.898133866
6.409000,1.817256508
6.410000,1.804319157
6.411000,1.729884138
6.412000,1.668217599
6.413000,1.615486090
6.414000,1.574193252
6.415000,1.455171210
6.416000,1.378799462
6.417000,1.265403645
6.418000,1.223512619
6.419000,1.043177813
6.420000,0.940596467
6.421000,0.938745898
6.422000,0.739637027
6.423000,0.767918807
6.424000,0.632050739
6.425000,0.566713820
6.426000,0.489861205
6.427000,0.392420560
6.428000,0.365149895
6.429000,0.353485249
6.430000,0.276633875
6.431000,0.170737453
6.432000,0.185132427
6.433000,0.071598118
6.434000,0.061192478
6.435000,0.034350860
6.436000,0.029843849
6.437000,-0.087073233
6.438000,-0.053559656
6.439000,-0.139365548
6.440000,-0.221192475
6.441000,-0.190926210
6.442000,-0.286462131
6.443000,-0.391872710
6.444000,-0.370560165
6.445000,-0.512685451
6.446000,-0.545847245
6.447000,-0.645186003
6.448000,-0.716547961
6.449000,-0.743652565
6.450000,-0.843777267
6.451000,-0.995970449
6.452000,-1.045659783
6.453000,-1.124028738
6.454000,-1.170231554
6.455000,-1.278240955
6.456000,-1.404353902
6.457000,-1.476222861
6.458000,-1.479070083
6.459000,-1.528322219
6.460000,-1.611019000
6.461000,-1.641982731
6.462000,-1.625608108
6.463000,-1.636646307
6.464000,-1.714850438
6.465000,-1.620546675
6.466000,-1.549886713
6.467000,-1.567162771
6.468000,-1.430802587
6.469000,-1.415496854
6.470000,-1.279944429
6.471000,-1.209932086
6.472000,-1.120734951
6.473000,-0.944953419
6.474000,-0.827169349
6.475000,-0.645982815
6.476000,-0.531129814
6.477000,-0.467054201
6.478000,-0.273790667
6.479000,-0.121324645
6.480000,0.002670626
6.481000,0.154204125
6.482000,0.269571917
6.483000,0.292110014
6.484000,0.415550611
6.485000,0.553523258
6.486000,0.583341232
6.487000,0.573528671
6.488000,0.581140401
6.489000,0.597773378
6.490000,0.666082667
6.491000,0.629784372
6.492000,0.599384063
6.493000,0.545481638
6.494000,0.482286259
6.495000,0.460402238
6.496000,0.365030144
6.497000,0.294626528
6.498000,0.142195228
6.499000,0.150414344
6.500000,0.035364540
6.501000,-0.064601006
6.502000,-0.253219262
6.503000,-0.254979383
6.504000,-0.408864064
6.505000,-0.429030431
6.506000,-0.473213741
6.507000,-0.530723646
6.508000,-0.583095810
6.509000,-0.577429849
6.510000,-0.641445267
6.511000,-0.668685000
6.512000,-0.642718797
6.513000,-0.593061999
6.514000,-0.519833827
6.515000,-0.513365735
6.516000,-0.379444347
6.517000,-0.314043648
6.518000,-0.224770203
6.519000,-0.126410825
6.520000,0.008644201
6.521000,0.159925164
6.522000,0.277789745
6.523000,0.442039501
6.524000,0.507731071
6.525000,0.647541541
6.526000,0.792993320
6.527000,0.984858845
6.528000,1.068109148
6.529000,1.185676567
6.530000,1.304666419
6.531000,1.397748897
6.532000,1.440904368
6.533000,1.479821103
6.534000,1.563835850
6.535000,1.566546799
6.536000,1.633935785
6.537000,1.622337212
6.538000,1.649520437
6.539000,1.629081427
6.540000,1.582078149
6.541000,1.570271432
6.542000,1.584093640
6.543000,1.382141033
6.544000,1.440854794
6.545000,1.262875635
6.546000,1.170292043
6.547000,1.097235944
6.548000,1.060913453
6.549000,0.957204132
6.550000,0.844225179
6.551000,0.758929588
6.552000,0.669436769
6.553000,0.629137704
6.554000,0.572156496
6.555000,0.454431321
6.556000,0.374082345
6.557000,0.320483425
6.558000,0.204742857
6.559000,0.219222648
6.560000,0.183524985
6.561000,0.115922404
6.562000,0.069939394
6.563000,0.079155118
6.564000,0.016869293
6.565000,-0.018346485
6.566000,-0.052650052
6.567000,-0.102463767
6.568000,-0.108528723
6.569000,-0.233194433
6.570000,-0.240970400
6.571000,-0.360858904
6.572000,-0.362228503
6.573000,-0.352049718
6.574000,-0.518702670
6.575000,-0.586769731
6.576000,-0.634748702
6.577000,-0.690391889
6.578000,-0.784070432
6.579000,-0.912627530
6.580000,-0.939966554
6.581000,-1.088867768
6.582000,-1.149642572
6.583000,-1.231751818
6.584000,-1.402455574
6.585000,-1.507364868
6.586000,-1.530597025
6.587000,-1.618294957
6.588000,-1.691598104
6.589000,-1.743392815
6.590000,-1.801971354
6.591000,-1.787104242
6.592000,-1.945633427
6.593000,-1.824028709
6.594000,-1.845995029
6.595000,-1.833488359
6.596000,-1.818867623
6.597000,-1.696674898
6.598000,-1.696823577
6.599000,-1.571997231
6.600000,-1.440011771
6.601000,-1.409373563
6.602000,-1.223786914
6.603000,-1.086934652
6.604000,-0.937559650
6.605000,-0.811380690
6.606000,-0.621855973
6.607000,-0.447266986
6.608000,-0.325588688
6.609000,-0.093544021
6.610000,-0.033087620
6.611000,0.132108130
6.612000,0.332391623
6.613000,0.424144398
6.614000,0.525608139
6.615000,0.650570977
6.616000,0.805502500
6.617000,0.864725954
6.618000,0.877878883
6.619000,0.897586767
6.620000,1.029752568
6.621000,1.006660950
6.622000,0.984339996
6.623000,0.951532952
6.624000,0.883215127
6.625000,0.858384369
6.626000,0.847046915
6.627000,0.752181466
6.628000,0.736006461
6.629000,0.626450365
6.630000,0.487950556
6.631000,0.381412886
6.632000,0.350240103
6.633000,0.203545909
6.634000,0.200214256
6.635000,0.034916104
6.636000,-0.091001565
6.637000,-0.184825079
6.638000,-0.209170889
6.639000,-0.195876531
6.640000,-0.286330010
6.641000,-0.380308803
6.642000,-0.336581834
6.643000,-0.324896360
6.644000,-0.259273509
6.645000,-0.257627230
6.646000,-0.231909485
6.647000,-0.162456105
6.648000,-0.037275511
6.649000,0.005778748
6.650000,0.038853567
6.651000,0.176243907
6.652000,0.290157724
6.653000,0.430661595
6.654000,0.476242050
6.655000,0.565234181
6.656000,0.691580257
6.657000,0.769297908
6.658000,0.886070828
6.659000,0.948910574
6.660000,1.057439423
6.661000,1.087607587
6.662000,1.221038331
6.663000,1.273045523
6.664000,1.241249595
6.665000,1.342770073
6.666000,1.320827878
6.667000,1.385046502
6.668000,1.365805039
6.669000,1.349749218
6.670000,1.305443755
6.671000,1.216922430
6.672000,1.137322422
6.673000,1.147140945
6.674000,1.041542934
6.675000,1.016557115
6.676000,0.893142832
6.677000,0.885255832
6.678000,0.799714554
6.679000,0.667897661
6.680000,0.600162442
6.681000,0.566468267
6.682000,0.507701441
6.683000,0.418960654
6.684000,0.326297049
6.685000,0.291596864
6.686000,0.224404128
6.687000,0.164524896
6.688000,0.092471871
6.689000,0.094676243
6.690000,0.031659611
6.691000,0.018683625
6.692000,-0.068803726
6.693000,-0.012247794
6.694000,-0.082071886
6.695000,-0.090625008
6.696000,-0.076688396
6.697000,-0.105644935
6.698000,-0.165799415
6.699000,-0.253436871
6.700000,-0.267148213
6.701000,-0.302456505
6.702000,-0.356151621
6.703000,-0.419013723
6.704000,-0.464070495
6.705000,-0.540881169
6.706000,-0.602355657
6.707000,-0.698522498
6.708000,-0.833746638
6.709000,-0.916834634
6.710000,-1.005728966
6.711000,-1.093638675
6.712000,-1.222761020
6.713000,-1.310204027
6.714000,-1.420079128
6.715000,-1.523152376
6.716000,-1.586815093
6.717000,-1.657396788
6.718000,-1.708758653
6.719000,-1.798615730
6.720000,-1.897025886
6.721000,-1.890263389
6.722000,-2.000362929
6.723000,-1.958857326
6.724000,-1.985910684
6.725000,-1.966751026
6.726000,-1.854747168
6.727000,-1.873447873
6.728000,-1.782933678
6.729000,-1.685276884
6.730000,-1.600303091
6.731000,-1.521702201
6.732000,-1.338325461
6.733000,-1.213114107
6.734000,-1.049706345
6.735000,-0.881756447
6.736000,-0.694727824
6.737000,-0.518384478
6.738000,-0.395712253
6.739000,-0.162437122
6.740000,0.063308268
6.741000,0.128594809
6.742000,0.327294882
6.743000,0.495353224
6.744000,0.607175116
6.745000,0.750494281
6.746000,0.901587862
6.747000,1.074770751
6.748000,1.123052094
6.749000,1.182843242
6.750000,1.264961804
6.751000,1.325984035
6.752000,1.349356194
6.753000,1.342026175
6.754000,1.409037926
6.755000,1.310711828
6.756000,1.273842726
6.757000,1.189416051
6.758000,1.111984216
6.759000,1.025122789
6.760000,0.935192459
6.761000,0.897837597
6.762000,0.789237311
6.763000,0.666238351
6.764000,0.575171164
6.765000,0.519810696
6.766000,0.387867929
6.767000,0.306684185
6.768000,0.233088043
6.769000,0.166717258
6.770000,0.066427971
6.771000,-0.036535415
6.772000,-0.061146341
6.773000,-0.019757673
6.774000,-0.062820913
6.775000,-0.058378677
6.776000,-0.089889900
6.777000,-0.040805635
6.778000,0.019503148
6.779000,0.060012627
6.780000,0.078433955
6.781000,0.135904728
6.782000,0.294460034
6.783000,0.300081397
6.784000,0.378447691
6.785000,0.417208620
6.786000,0.509704045
6.787000,0.598837275
6.788000,0.643462680
6.789000,0.746846635
6.790000,0.769617514
6.791000,0.834982259
6.792000,0.878203343
6.793000,0.888186306
6.794000,0.916859360
6.795000,0.984000642
6.796000,0.955427526
6.797000,0.976512826
6.798000,0.963422671
6.799000,0.953875200
6.800000,0.935440257
6.801000,0.850553538
6.802000,0.787022145
6.803000,0.772751089
6.804000,0.732733831
6.805000,0.632879272
6.806000,0.574672229
6.807000,0.502746916
6.808000,0.435515027
6.809000,0.391614317
6.810000,0.294768423
6.811000,0.262208690
6.812000,0.197423425
6.813000,0.194809162
6.814000,0.058902660
6.815000,0.070577503
6.816000,0.021155830
6.817000,-0.073160587
6.818000,-0.047774840
6.819000,-0.069786236
6.820000,-0.125419648
6.821000,-0.196301755
6.822000,-0.112551201
6.823000,-0.184313416
6.824000,-0.160170428
6.825000,-0.217945893
6.826000,-0.157855542
6.827000,-0.244028228
6.828000,-0.223287065
6.829000,-0.243747176
6.830000,-0.253524734
6.831000,-0.330487602
6.832000,-0.311735655
6.833000,-0.357880939
6.834000,-0.437835308
6.835000,-0.497830377
6.836000,-0.641970662
6.837000,-0.588735769
6.838000,-0.728127140
6.839000,-0.792540348
6.840000,-0.902347833
6.841000,-1.006190912
6.842000,-1.090059741
6.843000,-1.234146371
6.844000,-1.288417185
6.845000,-1.373863679
6.846000,-1.513560766
6.847000,-1.617301807
6.848000,-1.669010357
6.849000,-1.762644971
6.850000,-1.852265586
6.851000,-1.904895177
6.852000,-1.930731873
6.853000,-1.936366645
6.854000,-1.982885677
6.855000,-1.935560270
6.856000,-1.874171795
6.857000,-1.870990037
6.858000,-1.828215760
6.859000,-1.728848836
6.860000,-1.661274836
6.861000,-1.566935986
6.862000,-1.425726294
6.863000,-1.299227143
6.864000,-1.071564434
6.865000,-0.945807927
6.866000,-0.808839698
6.867000,-0.552685574
6.868000,-0.366868304
6.869000,-0.175741839
6.870000,-0.031898271
6.871000,0.165930783
6.872000,0.439049152
6.873000,0.548128583
6.874000,0.751219145
6.875000,0.901716486
6.876000,1.004303223
6.877000,1.135254677
6.878000,1.312333517
6.879000,1.389408781
6.880000,1.473894697
6.881000,1.579121841
6.882000,1.546266106
6.883000,1.621852765
6.884000,1.669438102
6.885000,1.652769381
6.886000,1.595783443
6.887000,1.579263358
6.888000,1.530906453
6.889000,1.420312094
6.890000,1.325768531
6.891000,1.310507340
6.892000,1.193533022
6.893000,1.148728989
6.894000,0.973943562
6.895000,0.921109176
6.896000,0.814907942
6.897000,0.706202650
6.898000,0.598076480
6.899000,0.480572741
6.900000,0.419217861
6.901000,0.340711890
6.902000,0.293219119
6.903000,0.208336105
6.904000,0.204977413
6.905000,0.219854181
6.906000,0.119739934
6.907000,0.152359412
6.908000,0.080229567
6.909000,0.162015048
6.910000,0.173480982
6.911000,0.164506115
6.912000,0.240957599
6.913000,0.265229422
6.914000,0.357727532
6.915000,0.350531847
6.916000,0.403462847
6.917000,0.431119968
6.918000,0.443731880
6.919000,0.594060779
6.920000,0.555611482
6.921000,0.587884846
6.922000,0.603368745
6.923000,0.571729454
6.924000,0.582076792
6.925000,0.571641017
6.926000,0.652255192
6.927000,0.610160240
6.928000,0.559487131
6.929000,0.493461406
6.930000,0.471288447
6.931000,0.446666255
6.932000,0.360952706
6.933000,0.367966489
6.934000,0.258182387
6.935000,0.212243243
6.936000,0.155106519
6.937000,0.030128996
6.938000,0.059095812
6.939000,-0.022448352
6.940000,-0.145103922
6.941000,-0.140920838
6.942000,-0.184592007
6.943000,-0.245171614
6.944000,-0.236960049
6.945000,-0.238025326
6.946000,-0.283841700
6.947000,-0.350100496
6.948000,-0.335352353
6.949000,-0.375814131
6.950000,-0.306726458
6.951000,-0.334599036
6.952000,-0.284863276
6.953000,-0.255191261
6.954000,-0.237754294
6.955000,-0.242734833
6.956000,-0.242754116
6.957000,-0.272344998
6.958000,-0.150627095
6.959000,-0.147082335
6.960000,-0.219458638
6.961000,-0.214014087
6.962000,-0.279590518
6.963000,-0.283352372
6.964000,-0.306530701
6.965000,-0.369869725
6.966000,-0.353611065
6.967000,-0.460293631
6.968000,-0.560291749
6.969000,-0.634022055
6.970000,-0.701837431
6.971000,-0.850421626
6.972000,-0.886624727
6.973000,-1.004143881
6.974000,-1.079707677
6.975000,-1.199817311
6.976000,-1.332177258
6.977000,-1.431169979
6.978000,-1.462468202
6.979000,-1.576743544
6.980000,-1.647996545
6.981000,-1.713255106
6.982000,-1.786271245
6.983000,-1.854658526
6.984000,-1.790553259
6.985000,-1.856380470
6.986000,-1.800460933
6.987000,-1.812178475
6.988000,-1.728204725
6.989000,-1.720798619
6.990000,-1.649395136
6.991000,-1.515625214
6.992000,-1.402102148
6.993000,-1.232328450
6.994000,-1.091874568
6.995000,-0.985678030
6.996000,-0.787516407
6.997000,-0.624107905
6.998000,-0.414495175
6.999000,-0.199997602
7.000000,-0.018627159
7.001000,0.232204116
7.002000,0.404588549
7.003000,0.556664181
7.004000,0.803900930
7.005000,0.966607491
7.006000,1.108049726
7.007000,1.241229553
7.008000,1.445732993
7.009000,1.531179799
7.010000,1.577658521
7.011000,1.699659189
7.012000,1.736437507
7.013000,1.836346106
7.014000,1.808252169
7.015000,1.831470339
7.016000,1.825992610
7.017000,1.836221988
7.018000,1.752070906
7.019000,1.731302486
7.020000,1.601347926
7.021000,1.615111060
7.022000,1.423482192
7.023000,1.416378371
7.024000,1.320072717
7.025000,1.195496885
7.026000,1.139644299
7.027000,1.036830219
7.028000,0.933289618
7.029000,0.836693713
7.030000,0.718963430
7.031000,0.610392724
7.032000,0.549557333
7.033000,0.502670612
7.034000,0.404746064
7.035000,0.280141903
7.036000,0.256962949
7.037000,0.325783442
7.038000,0.220390915
7.039000,0.208632817
7.040000,0.244992711
7.041000,0.240253451
7.042000,0.232821317
7.043000,0.228035158
7.044000,0.171415393
7.045000,0.315523460
7.046000,0.252734287
7.047000,0.311914069
7.048000,0.297379572
7.049000,0.288593213
7.050000,0.304732708
7.051000,0.311408947
7.052000,0.364548696
7.053000,0.268976984
7.054000,0.306146300
7.055000,0.328345584
7.056000,0.232137527
7.057000,0.215213355
7.058000,0.139340382
7.059000,0.178560460
7.060000,0.044620728
7.061000,0.043031217
7.062000,-0.093817745
7.063000,-0.121646254
7.064000,-0.151453665
7.065000,-0.254099287
7.066000,-0.289964157
7.067000,-0.381984791
7.068000,-0.395299364
7.069000,-0.485245180
7.070000,-0.528032995
7.071000,-0.528416926
7.072000,-0.626677269
7.073000,-0.576165527
7.074000,-0.637117995
7.075000,-0.573986980
7.076000,-0.638639413
7.077000,-0.642194265
7.078000,-0.597582468
7.079000,-0.548789929
7.080000,-0.623201817
7.081000,-0.535254321
7.082000,-0.439666034
7.083000,-0.466693902
7.084000,-0.428206565
7.085000,-0.394870627
7.086000,-0.313864058
7.087000,-0.299779938
7.088000,-0.210971964
7.089000,-0.236896317
7.090000,-0.179918270
7.091000,-0.152747579
7.092000,-0.155218767
7.093000,-0.143571324
7.094000,-0.174978845
7.095000,-0.193087996
7.096000,-0.160744288
7.097000,-0.227010850
7.098000,-0.279854512
7.099000,-0.323862985
7.100000,-0.415866238
7.101000,-0.518102061
7.102000,-0.579825651
7.103000,-0.698795869
7.104000,-0.737636817
7.105000,-0.884955730
7.106000,-0.991866826
7.107000,-1.047255805
7.108000,-1.167179986
7.109000,-1.305664987
7.110000,-1.355748616
7.111000,-1.484977882
7.112000,-1.519598419
7.113000,-1.559916308
7.114000,-1.599852862
7.115000,-1.632438042
7.116000,-1.662957666
7.117000,-1.611683538
7.118000,-1.578289266
7.119000,-1.568104527
7.120000,-1.483032736
7.121000,-1.383923164
7.122000,-1.282697714
7.123000,-1.168845203
7.124000,-1.031639195
7.125000,-0.879900208
7.126000,-0.715832511
7.127000,-0.552558807
7.128000,-0.401443259
7.129000,-0.189411155
7.130000,-0.028357743
7.131000,0.167319681
7.132000,0.388017248
7.133000,0.569779114
7.134000,0.733028615
7.135000,0.948288935
7.136000,1.077727758
7.137000,1.271973235
7.138000,1.363052905
7.139000,1.573007444
7.140000,1.662640407
7.141000,1.759828210
7.142000,1.826866009
7.143000,1.848929465
7.144000,1.882970535
7.145000,1.961471155
7.146000,1.956646445
7.147000,1.969034171
7.148000,1.965626246
7.149000,1.907123176
7.150000,1.812215112
7.151000,1.794073112
7.152000,1.680040194
7.153000,1.624613407
7.154000,1.537521789
7.155000,1.405538950
7.156000,1.362796264
7.157000,1.204728753
7.158000,1.111606606
7.159000,1.046013358
7.160000,0.913449644
7.161000,0.787001528
7.162000,0.710859589
7.163000,0.643838002
7.164000,0.546074895
7.165000,0.474052891
7.166000,0.455356921
7.167000,0.366583546
7.168000,0.377659495
7.169000,0.281168478
7.170000,0.222689155
7.171000,0.219449473
7.172000,0.233598607
7.173000,0.171588805
7.174000,0.209193430
7.175000,0.164918264
7.176000,0.166854869
7.177000,0.123654750
7.178000,0.135894175
7.179000,0.122296771
7.180000,0.138604492
7.181000,0.074171038
7.182000,0.017884750
7.183000,0.003372515
7.184000,-0.017438760
7.185000,-0.016983130
7.186000,-0.107380275
7.187000,-0.159686421
7.188000,-0.194127370
7.189000,-0.244681031
7.190000,-0.309514577
7.191000,-0.411086521
7.192000,-0.449565190
7.193000,-0.479986934
7.194000,-0.564882441
7.195000,-0.631751908
7.196000,-0.729835202
7.197000,-0.775345279
7.198000,-0.859075441
7.199000,-0.852906757
7.200000,-0.885739253
7.201000,-0.950867452
7.202000,-0.979163049
7.203000,-1.007087306
7.204000,-0.989920907
7.205000,-0.930373904
7.206000,-0.985762369
7.207000,-0.931391359
7.208000,-0.874876618
7.209000,-0.860234225
7.210000,-0.843600609
7.211000,-0.733987276
7.212000,-0.632170092
7.213000,-0.602575195
7.214000,-0.534302453
7.215000,-0.458985810
7.216000,-0.445603807
7.217000,-0.298084445
7.218000,-0.251107072
7.219000,-0.197939694
7.220000,-0.073796898
7.221000,-0.087427078
7.222000,-0.013004820
7.223000,-0.020385382
7.224000,0.048458330
7.225000,0.005884116
7.226000,0.052167879
7.227000,0.033874619
7.228000,0.024710690
7.229000,-0.076318919
7.230000,-0.102254140
7.231000,-0.176526207
7.232000,-0.202795076
7.233000,-0.357579501
7.234000,-0.405842589
7.235000,-0.473446077
7.236000,-0.580476666
7.237000,-0.731218965
7.238000,-0.750988019
7.239000,-0.879547202
7.240000,-0.943933910
7.241000,-1.072742635
7.242000,-1.136762232
7.243000,-1.199434447
7.244000,-1.273990375
7.245000,-1.236404838
7.246000,-1.337954764
7.247000,-1.330603550
7.248000,-1.354086798
7.249000,-1.327990732
7.250000,-1.274403122
7.251000,-1.232299245
7.252000,-1.162542143
7.253000,-1.039194218
7.254000,-0.942856540
7.255000,-0.741585637
7.256000,-0.672243582
7.257000,-0.535851312
7.258000,-0.336586558
7.259000,-0.133329012
7.260000,-0.058513392
7.261000,0.205840345
7.262000,0.318389810
7.263000,0.515977581
7.264000,0.666667741
7.265000,0.866976729
7.266000,1.004914275
7.267000,1.184613887
7.268000,1.338048667
7.269000,1.476482766
7.270000,1.607161036
7.271000,1.710933191
7.272000,1.787958044
7.273000,1.899735864
7.274000,1.919216449
7.275000,1.986384261
7.276000,1.973078750
7.277000,1.952145011
7.278000,1.916713659
7.279000,1.844607187
7.280000,1.872276712
7.281000,1.794627135
7.282000,1.761224597
7.283000,1.723134544
7.284000,1.531418688
7.285000,1.527306275
7.286000,1.364678391
7.287000,1.254265732
7.288000,1.275180657
7.289000,1.128722634
7.290000,0.916152523
7.291000,0.947510744
7.292000,0.806088088
7.293000,0.767985057
7.294000,0.611132948
7.295000,0.566554133
7.296000,0.492208349
7.297000,0.361084239
7.298000,0.368086913
7.299000,0.335359927
7.300000,0.235800552
7.301000,0.238568199
7.302000,0.205384998
7.303000,0.152893769
7.304000,0.155716201
7.305000,0.112222965
7.306000,0.113663115
7.307000,0.045124704
7.308000,0.039594165
7.309000,-0.026845618
7.310000,-0.035915210
7.311000,-0.083174599
7.312000,-0.121483707
7.313000,-0.158324352
7.314000,-0.240704826
7.315000,-0.296368361
7.316000,-0.401191915
7.317000,-0.405221708
7.318000,-0.516323271
7.319000,-0.576867316
7.320000,-0.640611581
7.321000,-0.686625741
7.322000,-0.766991343
7.323000,-0.847941630
7.324000,-0.943211882
7.325000,-1.002415644
7.326000,-1.106467436
7.327000,-1.096924573
7.328000,-1.150990660
7.329000,-1.266233193
7.330000,-1.324974060
7.331000,-1.351941255
7.332000,-1.363513957
7.333000,-1.370624073
7.334000,-1.328521222
7.335000,-1.314921301
7.336000,-1.265333569
7.337000,-1.243679061
7.338000,-1.189382453
7.339000,-1.140306664
7.340000,-1.009926976
7.341000,-0.924734343
7.342000,-0.905282934
7.343000,-0.774547289
7.344000,-0.688618653
7.345000,-0.582817600
7.346000,-0.484515752
7.347000,-0.395271042
7.348000,-0.264388910
7.349000,-0.127476238
7.350000,-0.019811913
7.351000,0.054366092
7.352000,0.108302346
7.353000,0.211904470
7.354000,0.225055677
7.355000,0.266909905
7.356000,0.260536991
7.357000,0.351792997
7.358000,0.348208301
7.359000,0.276753436
7.360000,0.241197601
7.361000,0.298991437
7.362000,0.193886477
7.363000,0.091300562
7.364000,0.040797275
7.365000,-0.014725464
7.366000,-0.088671946
7.367000,-0.190475414
7.368000,-0.263277190
7.369000,-0.387424889
7.370000,-0.492135523
7.371000,-0.562163207
7.372000,-0.701650229
7.373000,-0.784534887
7.374000,-0.880403741
7.375000,-0.875082352
7.376000,-0.966438695
7.377000,-0.971125032
7.378000,-0.993932826
7.379000,-1.009431538
7.380000,-0.997114037
7.381000,-0.924064789
7.382000,-0.856998899
7.383000,-0.853490986
7.384000,-0.783476438
7.385000,-0.606101468
7.386000,-0.551012036
7.387000,-0.447370759
7.388000,-0.306221632
7.389000,-0.126821129
7.390000,-0.003600527
7.391000,0.158851745
7.392000,0.277895715
7.393000,0.455074328
7.394000,0.672818443
7.395000,0.810003126
7.396000,0.980631941
7.397000,1.045206672
7.398000,1.215811904
7.399000,1.369028601
7.400000,1.494266063
7.401000,1.637689317
7.402000,1.668036047
7.403000,1.706889792
7.404000,1.766812651
7.405000,1.789466749
7.406000,1.894100410
7.407000,1.857552432
7.408000,1.836070460
7.409000,1.868361548
7.410000,1.839357731
7.411000,1.741888317
7.412000,1.677047698
7.413000,1.632609112
7.414000,1.495903311
7.415000,1.477509067
7.416000,1.393341652
7.417000,1.285087069
7.418000,1.205103123
7.419000,1.087623033
7.420000,0.996080400
7.421000,0.937950352
7.422000,0.807844240
7.423000,0.765037880
7.424000,0.658243062
7.425000,0.545770893
7.426000,0.478897426
7.427000,0.391850403
7.428000,0.386121426
7.429000,0.375639236
7.430000,0.232390309
7.431000,0.201020316
7.432000,0.162515207
7.433000,0.109545344
7.434000,0.062768108
7.435000,0.049064597
7.436000,-0.051335035
7.437000,-0.071717982
7.438000,-0.077993884
7.439000,-0.124992903
7.440000,-0.166062234
7.441000,-0.203282735
7.442000,-0.238046758
7.443000,-0.363286559
7.444000,-0.414867118
7.445000,-0.429855617
7.446000,-0.531794931
7.447000,-0.605757749
7.448000,-0.655893843
7.449000,-0.831343178
7.450000,-0.818088056
7.451000,-0.944795177
7.452000,-1.077136219
7.453000,-1.089674675
7.454000,-1.156982854
7.455000,-1.246877786
7.456000,-1.375594289
7.457000,-1.416574603
7.458000,-1.482878018
7.459000,-1.592304502
7.460000,-1.516117059
7.461000,-1.652989880
7.462000,-1.578922059
7.463000,-1.646230081
7.464000,-1.627983630
7.465000,-1.620037411
7.466000,-1.532638908
7.467000,-1.468951123
7.468000,-1.451474828
7.469000,-1.396859832
7.470000,-1.307860788
7.471000,-1.164429279
7.472000,-1.139076287
7.473000,-0.999821131
7.474000,-0.823785438
7.475000,-0.682413052
7.476000,-0.570565507
7.477000,-0.432345699
7.478000,-0.335288599
7.479000,-0.162471021
7.480000,-0.027442135
7.481000,0.107158460
7.482000,0.228199322
7.483000,0.254863175
7.484000,0.450849729
7.485000,0.418131931
7.486000,0.560487403
7.487000,0.580129346
7.488000,0.656391415
7.489000,0.661025412
7.490000,0.640719655
7.491000,0.623607637
7.492000,0.554908475
7.493000,0.560165654
7.494000,0.486173720
7.495000,0.413615100
7.496000,0.332340512
7.497000,0.281992563
7.498000,0.178652684
7.499000,0.122844026
7.500000,-0.016254029
7.501000,-0.141434189
7.502000,-0.215015276
7.503000,-0.280919293
7.504000,-0.420801904
7.505000,-0.402481571
7.506000,-0.515175614
7.507000,-0.566998401
7.508000,-0.601036949
7.509000,-0.613172093
7.510000,-0.626744132
7.511000,-0.667283184
7.512000,-0.648549646
7.513000,-0.534628239
7.514000,-0.608293751
7.515000,-0.511936517
7.516000,-0.430579914
7.517000,-0.286328511
7.518000,-0.202624122
7.519000,-0.088998759
7.520000,-0.003456272
7.521000,0.160304983
7.522000,0.254627045
7.523000,0.402508185
7.524000,0.533185264
7.525000,0.669829542
7.526000,0.793972585
7.527000,0.957809988
7.528000,1.081079323
7.529000,1.159877237
7.530000,1.272961466
7.531000,1.390776396
7.532000,1.461314913
7.533000,1.565611486
7.534000,1.566714265
7.535000,1.622036931
7.536000,1.655720099
7.537000,1.615275806
7.538000,1.608263681
7.539000,1.581855163
7.540000,1.605225939
7.541000,1.545153306
7.542000,1.506541839
7.543000,1.441123600
7.544000,1.374151776
7.545000,1.310951949
7.546000,1.198759203
7.547000,1.148456635
7.548000,1.057118627
7.549000,0.909029897
7.550000,0.855642207
7.551000,0.822686854
7.552000,0.799890721
7.553000,0.610035588
7.554000,0.535246505
7.555000,0.412866696
7.556000,0.397809670
7.557000,0.329714016
7.558000,0.256912901
7.559000,0.273946163
7.560000,0.178342958
7.561000,0.097145986
7.562000,0.052294238
7.563000,0.067572407
7.564000,-0.011536233
7.565000,-0.058056012
7.566000,-0.118352094
7.567000,-0.110792669
7.568000,-0.130075280
7.569000,-0.167755618
7.570000,-0.232825869
7.571000,-0.242996323
7.572000,-0.385282234
7.573000,-0.406371262
7.574000,-0.468844495
7.575000,-0.602896744
7.576000,-0.638240114
7.577000,-0.749167914
7.578000,-0.797707336
7.579000,-0.921418764
7.580000,-0.971310502
7.581000,-1.039557568
7.582000,-1.190407109
7.583000,-1.299039346
7.584000,-1.409443504
7.585000,-1.450657496
7.586000,-1.574466408
7.587000,-1.595981514
7.588000,-1.642869544
7.589000,-1.699547159
7.590000,-1.744349841
7.591000,-1.830620784
7.592000,-1.841500963
7.593000,-1.885746959
7.594000,-1.893646107
7.595000,-1.807460096
7.596000,-1.832409015
7.597000,-1.703920557
7.598000,-1.687921027
7.599000,-1.581482997
7.600000,-1.422068703
7.601000,-1.352065913
7.602000,-1.217971072
7.603000,-1.104402239
7.604000,-0.924683606
7.605000,-0.805303677
7.606000,-0.667367271
7.607000,-0.508122985
7.608000,-0.363520773
7.609000,-0.193819730
7.610000,0.021124381
7.611000,0.149947129
7.612000,0.267634691
7.613000,0.454178192
7.614000,0.559150418
7.615000,0.677288621
7.616000,0.730270702
7.617000,0.827000986
7.618000,0.916144355
7.619000,0.945632530
7.620000,1.015163514
7.621000,1.022493417
7.622000,1.041944481
7.623000,0.987934219
7.624000,0.926150082
7.625000,0.899404267
7.626000,0.907843167
7.627000,0.799568636
7.628000,0.682033219
7.629000,0.620242928
7.630000,0.499567703
7.631000,0.399597916
7.632000,0.345467984
7.633000,0.227549164
7.634000,0.148951061
7.635000,0.084450503
7.636000,-0.064908415
7.637000,-0.114288394
7.638000,-0.158553016
7.639000,-0.215391917
7.640000,-0.290134769
7.641000,-0.303760986
7.642000,-0.260090829
7.643000,-0.332929259
7.644000,-0.286426508
7.645000,-0.255769955
7.646000,-0.270374776
7.647000,-0.152047497
7.648000,-0.144309982
7.649000,-0.019551671
7.650000,0.098138634
7.651000,0.140824701
7.652000,0.210615884
7.653000,0.360068996
7.654000,0.467051365
7.655000,0.578553779
7.656000,0.687661131
7.657000,0.792138322
7.658000,0.837634968
7.659000,1.005284456
7.660000,0.991722831
7.661000,1.120657385
7.662000,1.219894696
7.663000,1.226167634
7.664000,1.247228454
7.665000,1.297776244
7.666000,1.323034696
7.667000,1.402812757
7.668000,1.290845092
7.669000,1.329764536
7.670000,1.281694274
7.671000,1.223736499
7.672000,1.158180178
7.673000,1.107427217
7.674000,1.090019461
7.675000,1.031106276
7.676000,0.977240765
7.677000,0.833145065
7.678000,0.720578782
7.679000,0.723556330
7.680000,0.644901008
7.681000,0.589300783
7.682000,0.424337189
7.683000,0.456965020
7.684000,0.351041001
7.685000,0.347275174
7.686000,0.224916289
7.687000,0.222285639
7.688000,0.117348044
7.689000,0.157952223
7.690000,0.040823866
7.691000,-0.022969890
7.692000,-0.001241106
7.693000,-0.003083383
7.694000,-0.027205200
7.695000,-0.094830230
7.696000,-0.109725177
7.697000,-0.152606305
7.698000,-0.145268699
7.699000,-0.191382812
7.700000,-0.279603319
7.701000,-0.282283655
7.702000,-0.364851059
7.703000,-0.387602719
7.704000,-0.500050079
7.705000,-0.557877787
7.706000,-0.655991240
7.707000,-0.770129389
7.708000,-0.849352070
7.709000,-0.873535554
7.710000,-0.986750699
7.711000,-1.129764360
7.712000,-1.193234902
7.713000,-1.308886476
7.714000,-1.386958595
7.715000,-1.520400691
7.716000,-1.599487581
7.717000,-1.719240717
7.718000,-1.727525146
7.719000,-1.813568565
7.720000,-1.881701448
7.721000,-1.855045599
7.722000,-1.922080237
7.723000,-1.928431053
7.724000,-1.959154466
7.725000,-1.965621956
7.726000,-1.900458477
7.727000,-1.859271970
7.728000,-1.800474234
7.729000,-1.667306629
7.730000,-1.608871785
7.731000,-1.473236734
7.732000,-1.344319763
7.733000,-1.247805045
7.734000,-1.030435215
7.735000,-0.857847886
7.736000,-0.706761721
7.737000,-0.522938757
7.738000,-0.359658842
7.739000,-0.187690104
7.740000,-0.008365633
7.741000,0.131897855
7.742000,0.371268944
7.743000,0.476275067
7.744000,0.653355357
7.745000,0.742849424
7.746000,0.910457879
7.747000,1.056644737
7.748000,1.136817537
7.749000,1.211765505
7.750000,1.277187481
7.751000,1.260607681
7.752000,1.361005134
7.753000,1.328182093
7.754000,1.330734351
7.755000,1.315875708
7.756000,1.181194629
7.757000,1.248029985
7.758000,1.127629912
7.759000,1.076791159
7.760000,0.963567091
7.761000,0.862826439
7.762000,0.823951561
7.763000,0.649047130
7.764000,0.594506299
7.765000,0.472120566
7.766000,0.409570238
7.767000,0.332628637
7.768000,0.245231511
7.769000,0.168527737
7.770000,0.071124946
7.771000,0.029979114
7.772000,0.007344824
7.773000,0.005769968
7.774000,-0.031404479
7.775000,-0.053813614
7.776000,-0.032018174
7.777000,0.010657395
7.778000,0.029971064
7.779000,0.085817831
7.780000,0.098754552
7.781000,0.197792003
7.782000,0.225931060
7.783000,0.310413949
7.784000,0.399006851
7.785000,0.417574497
7.786000,0.525523685
7.787000,0.615373266
7.788000,0.682960545
7.789000,0.769051451
7.790000,0.734611845
7.791000,0.807432484
7.792000,0.931984087
7.793000,0.960189053
7.794000,1.022589845
7.795000,0.976916913
7.796000,1.022267707
7.797000,1.048858200
7.798000,0.899228116
7.799000,0.894197142
7.800000,0.896122210
7.801000,0.827372519
7.802000,0.867045086
7.803000,0.758933027
7.804000,0.686052082
7.805000,0.680313346
7.806000,0.596238327
7.807000,0.491083674
7.808000,0.460652031
7.809000,0.344925537
7.810000,0.285954381
7.811000,0.279438849
7.812000,0.159646541
7.813000,0.115303512
7.814000,0.066696388
7.815000,0.019209141
7.816000,-0.079293117
7.817000,-0.083251457
7.818000,-0.060227467
7.819000,-0.046857531
7.820000,-0.086595849
7.821000,-0.138044905
7.822000,-0.138750593
7.823000,-0.195760908
7.824000,-0.162696334
7.825000,-0.171915590
7.826000,-0.193399164
7.827000,-0.171103158
7.828000,-0.193912430
7.829000,-0.210273056
7.830000,-0.187230899
7.831000,-0.269950885
7.832000,-0.384645509
7.833000,-0.414267155
7.834000,-0.428748850
7.835000,-0.516020596
7.836000,-0.566956251
7.837000,-0.594470108
7.838000,-0.718926612
7.839000,-0.848263437
7.840000,-0.864912636
7.841000,-1.013953405
7.842000,-1.112295372
7.843000,-1.208583233
7.844000,-1.303594635
7.845000,-1.443193243
7.846000,-1.517769261
7.847000,-1.575287734
7.848000,-1.661386435
7.849000,-1.799605793
7.850000,-1.840538164
7.851000,-1.848905874
7.852000,-1.942306028
7.853000,-1.999536345
7.854000,-1.987211612
7.855000,-1.941349003
7.856000,-1.936136567
7.857000,-1.887599443
7.858000,-1.818515859
7.859000,-1.754258847
7.860000,-1.632959308
7.861000,-1.493544851
7.862000,-1.390192038
7.863000,-1.242394238
7.864000,-1.066695107
7.865000,-0.909568372
7.866000,-0.719364094
7.867000,-0.628676930
7.868000,-0.376712086
7.869000,-0.172794343
7.870000,0.004280937
7.871000,0.173862452
7.872000,0.382209454
7.873000,0.544137031
7.874000,0.747672084
7.875000,0.918344890
7.876000,1.038667738
7.877000,1.211397691
7.878000,1.281734672
7.879000,1.380727474
7.880000,1.484758518
7.881000,1.535851648
7.882000,1.624743043
7.883000,1.618469352
7.884000,1.650289224
7.885000,1.655622734
7.886000,1.555203660
7.887000,1.563557467
7.888000,1.515773907
7.889000,1.391173536
7.890000,1.371721165
7.891000,1.278793338
7.892000,1.148664846
7.893000,1.134057196
7.894000,0.997021286
7.895000,0.823649092
7.896000,0.775725489
7.897000,0.681697404
7.898000,0.593829924
7.899000,0.486043973
7.900000,0.395848027
7.901000,0.362986870
7.902000,0.263546775
7.903000,0.268653970
7.904000,0.212231765
7.905000,0.173491942
7.906000,0.129007817
7.907000,0.139764206
7.908000,0.138738780
7.909000,0.151455378
7.910000,0.117387900
7.911000,0.191615518
7.912000,0.156116569
7.913000,0.265772052
7.914000,0.377576383
7.915000,0.317953874
7.916000,0.367305782
7.917000,0.460384879
7.918000,0.452122180
7.919000,0.485042632
7.920000,0.543039062
7.921000,0.583288226
7.922000,0.626881118
7.923000,0.601748180
7.924000,0.604814075
7.925000,0.613997678
7.926000,0.591412569
7.927000,0.604071436
7.928000,0.610580043
7.929000,0.511448102
7.930000,0.461534561
7.931000,0.447683739
7.932000,0.380506105
7.933000,0.298870790
7.934000,0.242326171
7.935000,0.165002262
7.936000,0.156110308
7.937000,0.073518415
7.938000,0.088480828
7.939000,-0.011834292
7.940000,-0.109281679
7.941000,-0.162229590
7.942000,-0.188570297
7.943000,-0.254999149
7.944000,-0.249777828
7.945000,-0.241165534
7.946000,-0.303887317
7.947000,-0.328627560
7.948000,-0.374195389
7.949000,-0.360692665
7.950000,-0.310173796
7.951000,-0.308618725
7.952000,-0.287458445
7.953000,-0.321992490
7.954000,-0.237919520
7.955000,-0.264035591
7.956000,-0.290373655
7.957000,-0.256948007
7.958000,-0.235342207
7.959000,-0.215608225
7.960000,-0.266621475
7.961000,-0.200679936
7.962000,-0.245543940
7.963000,-0.246264723
7.964000,-0.264242604
7.965000,-0.361038085
7.966000,-0.425402931
7.967000,-0.452338380
7.968000,-0.593781325
7.969000,-0.589434717
7.970000,-0.710953396
7.971000,-0.815484939
7.972000,-0.935153645
7.973000,-1.042175755
7.974000,-1.115967119
7.975000,-1.196673447
7.976000,-1.313131557
7.977000,-1.480262699
7.978000,-1.524688597
7.979000,-1.574204428
7.980000,-1.610816644
7.981000,-1.735568342
7.982000,-1.772137522
7.983000,-1.821696468
7.984000,-1.856634281
7.985000,-1.885118375
7.986000,-1.866635139
7.987000,-1.849746017
7.988000,-1.747519257
7.989000,-1.669282278
7.990000,-1.615583801
7.991000,-1.526348907
7.992000,-1.357347231
7.993000,-1.185664738
7.994000,-1.154612162
7.995000,-0.922488761
7.996000,-0.761160600
7.997000,-0.572529345
7.998000,-0.371271825
7.999000,-0.151041483
